Date,Open,High,Low,Close,Volume,Dividends,Stock Splits
2017-06-13,328.0,328.0,328.0,328.0,0,0,0
2017-06-14,328.0,328.0,328.0,328.0,0,0,0
2017-06-15,328.0,328.0,328.0,328.0,0,0,0
2017-06-16,328.0,328.0,328.0,328.0,0,0,0
2017-06-19,328.0,328.0,328.0,328.0,0,0,0
2017-06-20,328.0,328.0,328.0,328.0,0,0,0
2017-06-21,328.0,328.0,328.0,328.0,0,0,0
2017-06-22,328.0,328.0,328.0,328.0,0,0,0
2017-06-23,328.0,328.0,328.0,328.0,0,0,0
2017-06-27,328.0,328.0,328.0,328.0,0,0,0
2017-06-28,328.0,328.0,328.0,328.0,0,0,0
2017-06-29,328.0,328.0,328.0,328.0,0,0,0
2017-06-30,328.0,328.0,328.0,328.0,0,0,0
2017-07-03,328.0,328.0,328.0,328.0,0,0,0
2017-07-04,328.0,328.0,328.0,328.0,0,0,0
2017-07-05,328.0,328.0,328.0,328.0,0,0,0
2017-07-06,328.0,328.0,328.0,328.0,0,0,0
2017-07-07,328.0,328.0,328.0,328.0,0,0,0
2017-07-10,328.0,328.0,328.0,328.0,0,0,0
2017-07-11,328.0,328.0,328.0,328.0,0,0,0
2017-07-12,328.0,328.0,328.0,328.0,0,0,0
2017-07-13,328.0,328.0,328.0,328.0,0,0,0
2017-07-14,328.0,328.0,328.0,328.0,0,0,0
2017-07-17,328.0,328.0,328.0,328.0,0,0,0
2017-07-18,328.0,328.0,328.0,328.0,0,0,0
2017-07-19,328.0,328.0,328.0,328.0,0,0,0
2017-07-20,328.0,328.0,328.0,328.0,0,0,0
2017-07-21,328.0,328.0,328.0,328.0,0,0,0
2017-07-24,328.0,328.0,328.0,328.0,0,0,0
2017-07-25,328.0,328.0,328.0,328.0,0,0,0
2017-07-26,328.0,328.0,328.0,328.0,0,0,0
2017-07-27,328.0,328.0,328.0,328.0,0,0,0
2017-07-28,328.0,328.0,328.0,328.0,0,0,0
2017-07-31,328.0,328.0,328.0,328.0,0,0,0
2017-08-01,328.0,328.0,328.0,328.0,0,0,0
2017-08-02,328.0,328.0,328.0,328.0,0,0,0
2017-08-03,328.0,328.0,328.0,328.0,0,0,0
2017-08-04,328.0,328.0,328.0,328.0,0,0,0
2017-08-07,328.0,328.0,328.0,328.0,0,0,0
2017-08-08,328.0,328.0,328.0,328.0,0,0,0
2017-08-09,328.0,328.0,328.0,328.0,0,0,0
2017-08-10,328.0,328.0,328.0,328.0,0,0,0
2017-08-11,328.0,328.0,328.0,328.0,0,0,0
2017-08-14,328.0,328.0,328.0,328.0,0,0,0
2017-08-16,328.0,328.0,328.0,328.0,0,0,0
2017-08-17,328.0,328.0,328.0,328.0,0,0,0
2017-08-18,328.0,328.0,328.0,328.0,0,0,0
2017-08-21,328.0,328.0,328.0,328.0,0,0,0
2017-08-22,328.0,328.0,328.0,328.0,0,0,0
2017-08-23,328.0,328.0,328.0,328.0,0,0,0
2017-08-24,328.0,328.0,328.0,328.0,0,0,0
2017-08-28,328.0,328.0,328.0,328.0,0,0,0
2017-08-29,328.0,328.0,328.0,328.0,0,0,0
2017-08-30,328.0,328.0,328.0,328.0,0,0,0
2017-08-31,328.0,328.0,328.0,328.0,0,0,0
2017-09-01,328.0,328.0,328.0,328.0,0,0,0
2017-09-04,328.0,328.0,328.0,328.0,0,0,0
2017-09-05,328.0,328.0,328.0,328.0,0,0,0
2017-09-06,328.0,328.0,328.0,328.0,0,0,0
2017-09-07,328.0,328.0,328.0,328.0,0,0,0
2017-09-08,328.0,328.0,328.0,328.0,0,0,0
2017-09-11,328.0,328.0,328.0,328.0,0,0,0
2017-09-12,328.0,328.0,328.0,328.0,0,0,0
2017-09-13,328.0,328.0,328.0,328.0,0,0,0
2017-09-14,328.0,328.0,328.0,328.0,0,0,0
2017-09-15,328.0,328.0,328.0,328.0,0,0,0
2017-09-18,328.0,328.0,328.0,328.0,0,0,0
2017-09-19,328.0,328.0,328.0,328.0,0,0,0
2017-09-20,328.0,328.0,328.0,328.0,0,0,0
2017-09-21,328.0,328.0,328.0,328.0,0,0,0
2017-09-22,328.0,328.0,328.0,328.0,0,0,0
2017-09-25,328.0,328.0,328.0,328.0,0,0,0
2017-09-26,328.0,328.0,328.0,328.0,0,0,0
2017-09-27,328.0,328.0,328.0,328.0,0,0,0
2017-09-28,328.0,328.0,328.0,328.0,0,0,0
2017-09-29,328.0,328.0,328.0,328.0,0,0,0
2017-10-03,328.0,328.0,328.0,328.0,0,0,0
2017-10-04,328.0,328.0,328.0,328.0,0,0,0
2017-10-05,328.0,328.0,328.0,328.0,0,0,0
2017-10-06,328.0,328.0,328.0,328.0,0,0,0
2017-10-09,328.0,328.0,328.0,328.0,0,0,0
2017-10-10,328.0,328.0,328.0,328.0,0,0,0
2017-10-11,328.0,328.0,328.0,328.0,0,0,0
2017-10-12,328.0,328.0,328.0,328.0,0,0,0
2017-10-13,328.0,328.0,328.0,328.0,0,0,0
2017-10-16,328.0,328.0,328.0,328.0,0,0,0
2017-10-17,328.0,328.0,328.0,328.0,0,0,0
2017-10-18,328.0,328.0,328.0,328.0,0,0,0
2017-10-19,328.0,328.0,328.0,328.0,0,0,0
2017-10-23,328.0,328.0,328.0,328.0,0,0,0
2017-10-24,328.0,328.0,328.0,328.0,0,0,0
2017-10-25,328.0,328.0,328.0,328.0,0,0,0
2017-10-26,328.0,328.0,328.0,328.0,0,0,0
2017-10-27,328.0,328.0,328.0,328.0,0,0,0
2017-10-30,328.0,328.0,328.0,328.0,0,0,0
2017-10-31,328.0,328.0,328.0,328.0,0,0,0
2017-11-01,328.0,328.0,328.0,328.0,0,0,0
2017-11-02,328.0,328.0,328.0,328.0,0,0,0
2017-11-03,328.0,328.0,328.0,328.0,0,0,0
2017-11-06,328.0,328.0,328.0,328.0,0,0,0
2017-11-07,328.0,328.0,328.0,328.0,0,0,0
2017-11-08,328.0,328.0,328.0,328.0,0,0,0
2017-11-09,328.0,328.0,328.0,328.0,0,0,0
2017-11-10,328.0,328.0,328.0,328.0,0,0,0
2017-11-13,328.0,328.0,328.0,328.0,0,0,0
2017-11-14,328.0,328.0,328.0,328.0,0,0,0
2017-11-15,328.0,328.0,328.0,328.0,0,0,0
2017-11-16,328.0,328.0,328.0,328.0,0,0,0
2017-11-17,328.0,328.0,328.0,328.0,0,0,0
2017-11-20,328.0,328.0,328.0,328.0,0,0,0
2017-11-21,328.0,328.0,328.0,328.0,0,0,0
2017-11-22,328.0,328.0,328.0,328.0,0,0,0
2017-11-23,328.0,328.0,328.0,328.0,0,0,0
2017-11-24,328.0,328.0,328.0,328.0,0,0,0
2017-11-27,328.0,328.0,328.0,328.0,0,0,0
2017-11-28,328.0,328.0,328.0,328.0,0,0,0
2017-11-29,328.0,328.0,328.0,328.0,0,0,0
2017-11-30,328.0,328.0,328.0,328.0,0,0,0
2017-12-01,328.0,328.0,328.0,328.0,0,0,0
2017-12-04,328.0,328.0,328.0,328.0,0,0,0
2017-12-05,328.0,328.0,328.0,328.0,0,0,0
2017-12-06,328.0,328.0,328.0,328.0,0,0,0
2017-12-07,328.0,328.0,328.0,328.0,0,0,0
2017-12-08,328.0,328.0,328.0,328.0,0,0,0
2017-12-11,328.0,328.0,328.0,328.0,0,0,0
2017-12-12,328.0,328.0,328.0,328.0,0,0,0
2017-12-13,328.0,328.0,328.0,328.0,0,0,0
2017-12-14,328.0,328.0,328.0,328.0,0,0,0
2017-12-15,328.0,328.0,328.0,328.0,0,0,0
2017-12-18,328.0,328.0,328.0,328.0,0,0,0
2017-12-19,328.0,328.0,328.0,328.0,0,0,0
2017-12-20,328.0,328.0,328.0,328.0,0,0,0
2017-12-21,328.0,328.0,328.0,328.0,0,0,0
2017-12-22,328.0,328.0,328.0,328.0,0,0,0
2017-12-26,328.0,328.0,328.0,328.0,0,0,0
2017-12-27,328.0,328.0,328.0,328.0,0,0,0
2017-12-28,328.0,328.0,328.0,328.0,0,0,0
2017-12-29,328.0,328.0,328.0,328.0,0,0,0
2018-01-01,328.0,328.0,328.0,328.0,0,0,0
2018-01-02,328.0,328.0,328.0,328.0,0,0,0
2018-01-03,328.0,328.0,328.0,328.0,0,0,0
2018-01-04,328.0,328.0,328.0,328.0,0,0,0
2018-01-05,328.0,328.0,328.0,328.0,0,0,0
2018-01-08,328.0,328.0,328.0,328.0,0,0,0
2018-01-09,328.0,328.0,328.0,328.0,0,0,0
2018-01-10,328.0,328.0,328.0,328.0,0,0,0
2018-01-11,328.0,328.0,328.0,328.0,0,0,0
2018-01-12,328.0,328.0,328.0,328.0,0,0,0
2018-01-15,328.0,328.0,328.0,328.0,0,0,0
2018-01-16,328.0,328.0,328.0,328.0,0,0,0
2018-01-17,328.0,328.0,328.0,328.0,0,0,0
2018-01-18,328.0,328.0,328.0,328.0,0,0,0
2018-01-19,328.0,328.0,328.0,328.0,0,0,0
2018-01-22,328.0,328.0,328.0,328.0,0,0,0
2018-01-23,328.0,328.0,328.0,328.0,0,0,0
2018-01-24,328.0,328.0,328.0,328.0,0,0,0
2018-01-25,328.0,328.0,328.0,328.0,0,0,0
2018-01-29,328.0,328.0,328.0,328.0,0,0,0
2018-01-30,328.0,328.0,328.0,328.0,0,0,0
2018-01-31,328.0,328.0,328.0,328.0,0,0,0
2018-02-01,328.0,328.0,328.0,328.0,0,0,0
2018-02-02,328.0,328.0,328.0,328.0,0,0,0
2018-02-05,328.0,328.0,328.0,328.0,0,0,0
2018-02-06,328.0,328.0,328.0,328.0,0,0,0
2018-02-07,328.0,328.0,328.0,328.0,0,0,0
2018-02-08,328.0,328.0,328.0,328.0,0,0,0
2018-02-09,328.0,328.0,328.0,328.0,0,0,0
2018-02-12,328.0,328.0,328.0,328.0,0,0,0
2018-02-14,328.0,328.0,328.0,328.0,0,0,0
2018-02-15,328.0,328.0,328.0,328.0,0,0,0
2018-02-16,328.0,328.0,328.0,328.0,0,0,0
2018-02-19,328.0,328.0,328.0,328.0,0,0,0
2018-02-20,328.0,328.0,328.0,328.0,0,0,0
2018-02-21,328.0,328.0,328.0,328.0,0,0,0
2018-02-22,328.0,328.0,328.0,328.0,0,0,0
2018-02-23,328.0,328.0,328.0,328.0,0,0,0
2018-02-26,328.0,328.0,328.0,328.0,0,0,0
2018-02-27,328.0,328.0,328.0,328.0,0,0,0
2018-02-28,328.0,328.0,328.0,328.0,0,0,0
2018-03-01,328.0,328.0,328.0,328.0,0,0,0
2018-03-05,328.0,328.0,328.0,328.0,0,0,0
2018-03-06,328.0,328.0,328.0,328.0,0,0,0
2018-03-07,328.0,328.0,328.0,328.0,0,0,0
2018-03-08,328.0,328.0,328.0,328.0,0,0,0
2018-03-09,328.0,328.0,328.0,328.0,0,0,0
2018-03-12,328.0,328.0,328.0,328.0,0,0,0
2018-03-13,328.0,328.0,328.0,328.0,0,0,0
2018-03-14,328.0,328.0,328.0,328.0,0,0,0
2018-03-15,328.0,328.0,328.0,328.0,0,0,0
2018-03-16,328.0,328.0,328.0,328.0,0,0,0
2018-03-19,328.0,328.0,328.0,328.0,0,0,0
2018-03-20,328.0,328.0,328.0,328.0,0,0,0
2018-03-21,328.0,328.0,328.0,328.0,0,0,0
2018-03-22,328.0,328.0,328.0,328.0,0,0,0
2018-03-23,328.0,328.0,328.0,328.0,0,0,0
2018-03-26,328.0,328.0,328.0,328.0,0,0,0
2018-03-27,328.0,328.0,328.0,328.0,0,0,0
2018-03-28,12.5,13.119999885559082,12.5,13.119999885559082,400,0,0
2018-04-02,13.199999809265137,13.770000457763672,13.199999809265137,13.770000457763672,1375,0,0
2018-04-03,14.449999809265137,14.449999809265137,14.449999809265137,14.449999809265137,4390,0,0
2018-04-04,15.100000381469727,15.170000076293945,15.100000381469727,15.170000076293945,400,0,0
2018-04-05,15.920000076293945,15.920000076293945,15.920000076293945,15.920000076293945,105,0,0
2018-04-06,16.709999084472656,16.709999084472656,16.709999084472656,16.709999084472656,1300,0,0
2018-04-09,17.540000915527344,17.540000915527344,17.540000915527344,17.540000915527344,2150,0,0
2018-04-10,17.0,18.40999984741211,17.0,18.40999984741211,3725,0,0
2018-04-11,19.31999969482422,19.329999923706055,19.31999969482422,19.329999923706055,725,0,0
2018-04-12,20.290000915527344,20.290000915527344,20.290000915527344,20.290000915527344,310,0,0
2018-04-13,20.989999771118164,20.989999771118164,20.989999771118164,20.989999771118164,278,0,0
2018-04-16,20.989999771118164,20.989999771118164,20.989999771118164,20.989999771118164,1658,0,0
2018-04-17,20.989999771118164,20.989999771118164,20.989999771118164,20.989999771118164,875,0,0
2018-04-18,20.989999771118164,20.989999771118164,20.989999771118164,20.989999771118164,100,0,0
2018-04-19,20.989999771118164,20.989999771118164,20.989999771118164,20.989999771118164,245,0,0
2018-04-20,20.989999771118164,20.989999771118164,20.989999771118164,20.989999771118164,1025,0,0
2018-04-23,20.989999771118164,20.989999771118164,20.989999771118164,20.989999771118164,350,0,0
2018-04-24,20.989999771118164,20.989999771118164,20.989999771118164,20.989999771118164,200,0,0
2018-04-25,20.989999771118164,20.989999771118164,20.989999771118164,20.989999771118164,262,0,0
2018-04-26,20.989999771118164,20.989999771118164,20.989999771118164,20.989999771118164,3000,0,0
2018-04-27,20.989999771118164,20.989999771118164,20.989999771118164,20.989999771118164,1073,0,0
2018-04-30,20.989999771118164,20.989999771118164,20.989999771118164,20.989999771118164,2275,0,0
2018-05-02,22.0,22.0,22.0,22.0,400,0,0
2018-05-03,23.100000381469727,23.100000381469727,23.100000381469727,23.100000381469727,1225,0,0
2018-05-04,24.25,24.25,24.25,24.25,401,0,0
2018-05-07,25.450000762939453,25.450000762939453,25.450000762939453,25.450000762939453,858,0,0
2018-05-08,26.700000762939453,26.700000762939453,26.700000762939453,26.700000762939453,307,0,0
2018-05-09,28.0,28.0,28.0,28.0,975,0,0
2018-05-10,28.75,28.75,28.0,28.75,11437,0,0
2018-05-11,28.75,28.75,28.75,28.75,100,0,0
2018-05-14,28.75,28.75,28.75,28.75,351,0,0
2018-05-15,28.75,28.75,28.75,28.75,1230,0,0
2018-05-16,28.75,28.75,28.75,28.75,1678,0,0
2018-05-17,28.75,28.75,28.75,28.75,300,0,0
2018-05-18,28.75,28.75,28.75,28.75,508,0,0
2018-05-21,28.75,28.75,28.75,28.75,300,0,0
2018-05-22,28.75,28.75,28.75,28.75,1325,0,0
2018-05-23,28.75,30.149999618530273,28.75,30.149999618530273,2000,0,0
2018-05-24,31.649999618530273,31.649999618530273,28.850000381469727,31.149999618530273,2006,0,0
2018-05-25,32.70000076293945,32.70000076293945,29.649999618530273,29.649999618530273,1121,0,0
2018-05-28,31.0,31.100000381469727,28.5,28.5,2438,0,0
2018-05-29,28.5,29.899999618530273,27.200000762939453,29.899999618530273,2869,0,0
2018-05-30,28.5,28.600000381469727,28.450000762939453,28.450000762939453,4080,0,0
2018-05-31,28.450000762939453,29.0,27.25,27.350000381469727,4530,0,0
2018-06-01,27.350000381469727,27.350000381469727,27.350000381469727,27.350000381469727,0,0,0
2018-06-04,26.100000381469727,26.100000381469727,26.0,26.0,1110,0,0
2018-06-05,24.700000762939453,24.700000762939453,24.700000762939453,24.700000762939453,800,0,0
2018-06-06,23.5,23.5,23.5,23.5,500,0,0
2018-06-07,22.350000381469727,22.350000381469727,22.350000381469727,22.350000381469727,201,0,0
2018-06-08,21.25,22.5,21.25,21.25,4836,0,0
2018-06-11,20.200000762939453,21.25,20.200000762939453,20.200000762939453,1001,0,0
2018-06-12,20.200000762939453,20.200000762939453,20.200000762939453,20.200000762939453,0,0,0
2018-06-13,18.25,18.299999237060547,18.25,18.25,3300,0,0
2018-06-14,17.350000381469727,17.350000381469727,17.350000381469727,17.350000381469727,500,0,0
2018-06-15,16.899999618530273,18.200000762939453,16.5,17.350000381469727,2685,0,0
2018-06-18,16.5,18.200000762939453,16.5,16.5,551,0,0
2018-06-19,15.699999809265137,15.800000190734863,15.699999809265137,15.699999809265137,2070,0,0
2018-06-20,15.699999809265137,15.699999809265137,15.699999809265137,15.699999809265137,50,0,0
2018-06-21,15.399999618530273,15.399999618530273,15.399999618530273,15.399999618530273,727,0,0
2018-06-22,15.100000381469727,15.100000381469727,15.100000381469727,15.100000381469727,300,0,0
2018-06-25,14.800000190734863,14.800000190734863,14.800000190734863,14.800000190734863,150,0,0
2018-06-26,14.550000190734863,14.550000190734863,14.550000190734863,14.550000190734863,120,0,0
2018-06-27,14.550000190734863,14.550000190734863,14.550000190734863,14.550000190734863,0,0,0
2018-06-28,14.550000190734863,14.550000190734863,14.550000190734863,14.550000190734863,0,0,0
2018-06-29,14.550000190734863,14.550000190734863,14.550000190734863,14.550000190734863,57,0,0
2018-07-02,14.550000190734863,14.550000190734863,14.550000190734863,14.550000190734863,0,0,0
2018-07-03,14.550000190734863,14.550000190734863,14.550000190734863,14.550000190734863,30,0,0
2018-07-04,14.5,14.5,14.5,14.5,50,0,0
2018-07-05,14.5,14.5,14.5,14.5,200,0,0
2018-07-06,14.5,14.5,14.5,14.5,0,0,0
2018-07-09,14.5,14.5,14.5,14.5,0,0,0
2018-07-10,14.5,14.5,14.5,14.5,0,0,0
2018-07-11,14.5,14.5,14.5,14.5,100,0,0
2018-07-12,14.5,14.5,14.5,14.5,0,0,0
2018-07-13,14.5,14.5,14.5,14.5,0,0,0
2018-07-16,14.210000038146973,14.210000038146973,14.210000038146973,14.210000038146973,100,0,0
2018-07-17,14.210000038146973,14.210000038146973,14.199999809265137,14.199999809265137,2139,0,0
2018-07-18,14.199999809265137,14.199999809265137,13.920000076293945,13.920000076293945,929,0,0
2018-07-19,13.920000076293945,13.920000076293945,13.920000076293945,13.920000076293945,0,0,0
2018-07-20,13.920000076293945,13.920000076293945,13.649999618530273,13.649999618530273,100,0,0
2018-07-23,13.380000114440918,13.75,13.380000114440918,13.75,777,0,0
2018-07-24,13.75,13.75,13.75,13.75,0,0,0
2018-07-25,13.75,13.75,13.75,13.75,0,0,0
2018-07-26,13.75,13.75,13.479999542236328,13.479999542236328,400,0,0
2018-07-27,13.479999542236328,13.479999542236328,13.220000267028809,13.220000267028809,719,0,0
2018-07-30,13.479999542236328,13.479999542236328,12.960000038146973,13.460000038146973,1374,0,0
2018-07-31,13.460000038146973,13.460000038146973,13.460000038146973,13.460000038146973,310,0,0
2018-08-01,13.460000038146973,13.460000038146973,13.460000038146973,13.460000038146973,0,0,0
2018-08-02,13.460000038146973,13.460000038146973,13.460000038146973,13.460000038146973,0,0,0
2018-08-03,13.460000038146973,13.5,13.460000038146973,13.5,101,0,0
2018-08-06,13.5,13.699999809265137,13.5,13.5,600,0,0
2018-08-07,13.550000190734863,14.170000076293945,13.550000190734863,14.170000076293945,316,0,0
2018-08-08,13.5,14.0,13.5,14.0,1106,0,0
2018-08-09,14.0,14.0,14.0,14.0,360,0,0
2018-08-10,13.5,13.5,13.5,13.5,100,0,0
2018-08-13,13.5,13.5,13.5,13.5,0,0,0
2018-08-14,13.5,13.5,13.5,13.5,200,0,0
2018-08-16,12.829999923706055,14.170000076293945,12.829999923706055,14.170000076293945,10228,0,0
2018-08-17,14.869999885559082,14.869999885559082,14.0,14.869999885559082,1100,0,0
2018-08-20,15.609999656677246,15.609999656677246,15.609999656677246,15.609999656677246,831,0,0
2018-08-21,16.389999389648438,16.389999389648438,16.350000381469727,16.3799991607666,8153,0,0
2018-08-23,16.5,17.100000381469727,16.5,16.75,700,0,0
2018-08-24,17.579999923706055,17.579999923706055,16.75,17.549999237060547,1226,0,0
2018-08-27,17.549999237060547,18.399999618530273,17.549999237060547,18.399999618530273,350,0,0
2018-08-28,19.0,19.299999237060547,19.0,19.299999237060547,620,0,0
2018-08-29,19.399999618530273,20.260000228881836,19.399999618530273,20.25,5996,0,0
2018-08-30,20.25,21.260000228881836,20.25,21.25,3575,0,0
2018-08-31,22.299999237060547,22.309999465942383,22.25,22.25,7405,0,0
2018-09-03,22.0,23.350000381469727,21.149999618530273,23.100000381469727,2544,0,0
2018-09-04,23.399999618530273,24.25,23.399999618530273,24.0,2746,0,0
2018-09-05,25.149999618530273,25.149999618530273,22.799999237060547,22.799999237060547,150,0,0
2018-09-06,22.399999618530273,23.899999618530273,22.0,22.399999618530273,5520,0,0
2018-09-07,21.899999618530273,23.0,21.299999237060547,21.549999237060547,2637,0,0
2018-09-10,22.0,22.0,21.100000381469727,21.100000381469727,55,0,0
2018-09-11,21.0,22.0,20.100000381469727,21.950000762939453,750,0,0
2018-09-12,22.0,23.0,22.0,23.0,51,0,0
2018-09-14,23.0,23.0,23.0,23.0,0,0,0
2018-09-17,23.0,23.0,23.0,23.0,0,0,0
2018-09-18,21.899999618530273,21.899999618530273,21.850000381469727,21.850000381469727,83,0,0
2018-09-19,21.5,21.5,21.5,21.5,40,0,0
2018-09-21,22.299999237060547,22.299999237060547,21.899999618530273,21.899999618530273,7,0,0
2018-09-24,22.0,22.0,22.0,22.0,200,0,0
2018-09-25,20.899999618530273,20.899999618530273,20.899999618530273,20.899999618530273,4,0,0
2018-09-26,20.899999618530273,20.899999618530273,20.799999237060547,20.799999237060547,102,0,0
2018-09-27,20.799999237060547,20.799999237060547,20.799999237060547,20.799999237060547,0,0,0
2018-09-28,20.799999237060547,20.799999237060547,20.799999237060547,20.799999237060547,0,0,0
2018-10-01,20.799999237060547,20.799999237060547,20.799999237060547,20.799999237060547,0,0,0
2018-10-03,20.799999237060547,20.799999237060547,20.799999237060547,20.799999237060547,0,0,0
2018-10-04,20.200000762939453,20.200000762939453,20.200000762939453,20.200000762939453,2,0,0
2018-10-05,20.200000762939453,20.200000762939453,20.200000762939453,20.200000762939453,0,0,0
2018-10-08,20.0,20.0,20.0,20.0,2,0,0
2018-10-09,20.0,20.0,20.0,20.0,0,0,0
2018-10-10,20.0,20.0,20.0,20.0,0,0,0
2018-10-11,19.0,19.0,19.0,19.0,50,0,0
2018-10-12,19.0,19.0,19.0,19.0,0,0,0
2018-10-15,19.0,19.0,19.0,19.0,0,0,0
2018-10-16,19.0,19.0,19.0,19.0,0,0,0
2018-10-17,19.0,19.0,19.0,19.0,0,0,0
2018-10-19,19.0,19.0,19.0,19.0,0,0,0
2018-10-22,19.0,19.0,19.0,19.0,0,0,0
2018-10-23,19.0,19.0,19.0,19.0,0,0,0
2018-10-24,18.049999237060547,18.049999237060547,18.049999237060547,18.049999237060547,6,0,0
2018-10-25,18.049999237060547,18.049999237060547,18.049999237060547,18.049999237060547,0,0,0
2018-10-26,18.049999237060547,18.049999237060547,18.049999237060547,18.049999237060547,0,0,0
2018-10-29,18.049999237060547,18.049999237060547,18.049999237060547,18.049999237060547,1,0,0
2018-10-30,18.049999237060547,18.049999237060547,18.049999237060547,18.049999237060547,0,0,0
2018-10-31,18.049999237060547,18.049999237060547,18.049999237060547,18.049999237060547,0,0,0
2018-11-01,18.049999237060547,18.049999237060547,18.049999237060547,18.049999237060547,0,0,0
2018-11-02,18.049999237060547,18.049999237060547,17.149999618530273,17.149999618530273,328,0,0
2018-11-05,17.149999618530273,17.149999618530273,17.149999618530273,17.149999618530273,0,0,0
2018-11-06,17.149999618530273,17.149999618530273,17.149999618530273,17.149999618530273,0,0,0
2018-11-07,17.149999618530273,17.149999618530273,17.149999618530273,17.149999618530273,0,0,0
2018-11-09,17.149999618530273,17.149999618530273,17.149999618530273,17.149999618530273,0,0,0
2018-11-12,16.299999237060547,16.299999237060547,16.299999237060547,16.299999237060547,500,0,0
2018-11-13,16.299999237060547,16.299999237060547,16.299999237060547,16.299999237060547,0,0,0
2018-11-14,16.200000762939453,16.200000762939453,16.200000762939453,16.200000762939453,2484,0,0
2018-11-15,15.899999618530273,15.899999618530273,15.75,15.899999618530273,1500,0,0
2018-11-16,15.899999618530273,15.899999618530273,15.899999618530273,15.899999618530273,0,0,0
2018-11-19,15.149999618530273,15.149999618530273,15.149999618530273,15.149999618530273,1,0,0
2018-11-20,14.399999618530273,14.399999618530273,14.399999618530273,14.399999618530273,3101,0,0
2018-11-21,14.0,14.0,13.75,13.75,2001,0,0
2018-11-22,13.100000381469727,13.149999618530273,13.100000381469727,13.100000381469727,3519,0,0
2018-11-26,12.449999809265137,13.100000381469727,12.449999809265137,13.100000381469727,2560,0,0
2018-11-27,12.449999809265137,13.0,12.449999809265137,12.5,1528,0,0
2018-11-28,12.0,12.0,12.0,12.0,200,0,0
2018-11-29,12.0,12.100000381469727,11.449999809265137,11.449999809265137,3684,0,0
2018-11-30,10.899999618530273,11.449999809265137,10.899999618530273,11.449999809265137,414,0,0
2018-12-03,10.899999618530273,10.899999618530273,10.880000114440918,10.880000114440918,3050,0,0
2018-12-04,10.350000381469727,10.350000381469727,10.350000381469727,10.350000381469727,1,0,0
2018-12-05,9.869999885559082,9.869999885559082,9.869999885559082,9.869999885559082,10,0,0
2018-12-06,9.869999885559082,9.869999885559082,9.869999885559082,9.869999885559082,0,0,0
2018-12-07,10.100000381469727,10.100000381469727,10.100000381469727,10.100000381469727,1300,0,0
2018-12-10,10.100000381469727,10.100000381469727,10.100000381469727,10.100000381469727,0,0,0
2018-12-11,10.100000381469727,10.100000381469727,10.100000381469727,10.100000381469727,0,0,0
2018-12-12,10.100000381469727,10.100000381469727,10.100000381469727,10.100000381469727,0,0,0
2018-12-13,10.100000381469727,10.100000381469727,10.100000381469727,10.100000381469727,300,0,0
2018-12-14,10.100000381469727,10.100000381469727,10.100000381469727,10.100000381469727,101,0,0
2018-12-17,10.100000381469727,10.100000381469727,10.100000381469727,10.100000381469727,0,0,0
2018-12-18,10.199999809265137,10.600000381469727,10.100000381469727,10.600000381469727,711,0,0
2018-12-19,10.600000381469727,10.600000381469727,10.600000381469727,10.600000381469727,2544,0,0
2018-12-20,10.600000381469727,10.600000381469727,10.600000381469727,10.600000381469727,112,0,0
2018-12-21,10.600000381469727,10.600000381469727,10.600000381469727,10.600000381469727,0,0,0
2018-12-24,10.600000381469727,10.600000381469727,10.600000381469727,10.600000381469727,80,0,0
2018-12-26,10.600000381469727,10.600000381469727,10.069999694824219,10.069999694824219,300,0,0
2018-12-27,10.149999618530273,10.149999618530273,10.100000381469727,10.149999618530273,200,0,0
2018-12-28,10.0,10.649999618530273,10.0,10.0600004196167,535,0,0
2018-12-31,9.5600004196167,10.5600004196167,9.5600004196167,10.0600004196167,700,0,0
2019-01-01,10.0600004196167,10.0600004196167,10.0600004196167,10.0600004196167,0,0,0
2019-01-02,10.050000190734863,10.050000190734863,10.050000190734863,10.050000190734863,2484,0,0
2019-01-03,9.5600004196167,10.180000305175781,9.5600004196167,10.170000076293945,2810,0,0
2019-01-04,9.699999809265137,10.649999618530273,9.699999809265137,10.649999618530273,425,0,0
2019-01-07,10.649999618530273,10.649999618530273,10.119999885559082,10.119999885559082,600,0,0
2019-01-08,10.119999885559082,10.119999885559082,9.619999885559082,10.0,370,0,0
2019-01-09,9.5,10.5,9.5,10.5,1510,0,0
2019-01-10,9.979999542236328,10.0,9.979999542236328,10.0,1300,0,0
2019-01-11,9.5,9.520000457763672,9.5,9.510000228881836,200,0,0
2019-01-14,9.510000228881836,9.510000228881836,9.510000228881836,9.510000228881836,0,0,0
2019-01-15,9.5,9.5,9.5,9.5,500,0,0
2019-01-16,9.100000381469727,9.100000381469727,9.050000190734863,9.050000190734863,100,0,0
2019-01-17,8.649999618530273,8.649999618530273,8.600000381469727,8.600000381469727,600,0,0
2019-01-18,8.5,8.5,8.25,8.25,1125,0,0
2019-01-21,8.25,8.25,7.840000152587891,7.909999847412109,914,0,0
2019-01-22,7.949999809265137,7.949999809265137,7.929999828338623,7.929999828338623,300,0,0
2019-01-23,7.539999961853027,7.539999961853027,7.539999961853027,7.539999961853027,100,0,0
2019-01-24,7.539999961853027,7.539999961853027,7.539999961853027,7.539999961853027,0,0,0
2019-01-25,7.900000095367432,7.900000095367432,7.900000095367432,7.900000095367432,200,0,0
2019-01-28,7.900000095367432,7.900000095367432,7.800000190734863,7.800000190734863,510,0,0
2019-01-29,7.800000190734863,7.800000190734863,7.800000190734863,7.800000190734863,50,0,0
2019-01-30,7.5,7.800000190734863,7.5,7.800000190734863,400,0,0
2019-01-31,7.800000190734863,7.800000190734863,7.800000190734863,7.800000190734863,200,0,0
2019-02-01,7.800000190734863,7.800000190734863,7.800000190734863,7.800000190734863,0,0,0
2019-02-04,7.800000190734863,7.800000190734863,7.800000190734863,7.800000190734863,104,0,0
2019-02-05,7.800000190734863,7.800000190734863,7.800000190734863,7.800000190734863,0,0,0
2019-02-06,8.1899995803833,8.1899995803833,7.800000190734863,7.800000190734863,100,0,0
2019-02-07,7.800000190734863,7.800000190734863,7.409999847412109,7.409999847412109,800,0,0
2019-02-08,7.409999847412109,7.409999847412109,7.409999847412109,7.409999847412109,0,0,0
2019-02-11,7.409999847412109,7.409999847412109,7.409999847412109,7.409999847412109,0,0,0
2019-02-12,7.179999828338623,7.179999828338623,7.179999828338623,7.179999828338623,100,0,0
2019-02-14,6.829999923706055,6.829999923706055,6.829999923706055,6.829999923706055,0,0,0
2019-02-15,7.170000076293945,7.170000076293945,7.170000076293945,7.170000076293945,100,0,0
2019-02-18,7.25,7.5,7.25,7.25,630,0,0
2019-02-19,7.25,7.25,7.25,7.25,0,0,0
2019-02-20,7.25,7.25,7.25,7.25,0,0,0
2019-02-21,7.25,7.25,7.25,7.25,0,0,0
2019-02-22,7.599999904632568,7.599999904632568,7.599999904632568,7.599999904632568,126,0,0
2019-02-25,7.599999904632568,7.699999809265137,7.599999904632568,7.610000133514404,850,0,0
2019-02-26,7.5,7.5,7.5,7.5,400,0,0
2019-02-27,7.130000114440918,7.869999885559082,7.130000114440918,7.869999885559082,1210,0,0
2019-02-28,7.869999885559082,7.869999885559082,7.869999885559082,7.869999885559082,0,0,0
2019-03-01,7.869999885559082,7.869999885559082,7.869999885559082,7.869999885559082,0,0,0
2019-03-05,7.869999885559082,7.869999885559082,7.869999885559082,7.869999885559082,0,0,0
2019-03-06,7.869999885559082,7.869999885559082,7.869999885559082,7.869999885559082,0,0,0
2019-03-07,7.869999885559082,7.869999885559082,7.869999885559082,7.869999885559082,0,0,0
2019-03-08,8.260000228881836,8.260000228881836,8.260000228881836,8.260000228881836,12,0,0
2019-03-11,8.260000228881836,8.260000228881836,8.260000228881836,8.260000228881836,0,0,0
2019-03-12,8.260000228881836,8.260000228881836,8.260000228881836,8.260000228881836,0,0,0
2019-03-13,8.260000228881836,8.260000228881836,8.260000228881836,8.260000228881836,0,0,0
2019-03-14,8.260000228881836,8.300000190734863,8.260000228881836,8.300000190734863,1328,0,0
2019-03-15,7.889999866485596,7.900000095367432,7.889999866485596,7.900000095367432,116,0,0
2019-03-18,7.900000095367432,8.25,7.510000228881836,8.25,601,0,0
2019-03-19,7.840000152587891,8.5,7.840000152587891,8.5,311,0,0
2019-03-20,8.5,8.5,8.079999923706055,8.329999923706055,100,0,0
2019-03-22,7.920000076293945,8.699999809265137,7.920000076293945,7.920000076293945,850,0,0
2019-03-25,7.920000076293945,7.920000076293945,7.53000020980835,7.53000020980835,399,0,0
2019-03-26,7.53000020980835,7.53000020980835,7.53000020980835,7.53000020980835,100,0,0
2019-03-27,7.849999904632568,7.849999904632568,7.849999904632568,7.849999904632568,100,0,0
2019-03-28,7.900000095367432,7.900000095367432,7.900000095367432,7.900000095367432,505,0,0
2019-04-01,7.75,8.100000381469727,7.75,8.100000381469727,500,0,0
2019-04-02,7.699999809265137,7.699999809265137,7.699999809265137,7.699999809265137,250,0,0
2019-04-03,7.699999809265137,7.699999809265137,7.699999809265137,7.699999809265137,100,0,0
2019-04-04,7.699999809265137,7.699999809265137,7.699999809265137,7.699999809265137,0,0,0
2019-04-05,7.699999809265137,7.699999809265137,7.699999809265137,7.699999809265137,400,0,0
2019-04-08,7.320000171661377,7.320000171661377,7.320000171661377,7.320000171661377,970,0,0
2019-04-09,7.320000171661377,7.320000171661377,7.320000171661377,7.320000171661377,0,0,0
2019-04-10,7.320000171661377,7.320000171661377,7.320000171661377,7.320000171661377,0,0,0
2019-04-11,7.5,7.5,7.5,7.5,350,0,0
2019-04-12,7.5,7.5,7.5,7.5,0,0,0
2019-04-15,7.869999885559082,7.869999885559082,7.869999885559082,7.869999885559082,13,0,0
2019-04-16,7.480000019073486,7.480000019073486,7.480000019073486,7.480000019073486,200,0,0
2019-04-18,7.480000019073486,7.480000019073486,7.480000019073486,7.480000019073486,0,0,0
2019-04-22,7.480000019073486,7.480000019073486,7.480000019073486,7.480000019073486,0,0,0
2019-04-23,7.480000019073486,7.480000019073486,7.480000019073486,7.480000019073486,100,0,0
2019-04-24,7.480000019073486,7.480000019073486,7.480000019073486,7.480000019073486,0,0,0
2019-04-25,7.480000019073486,7.480000019073486,7.480000019073486,7.480000019073486,400,0,0
2019-04-26,7.480000019073486,7.480000019073486,7.480000019073486,7.480000019073486,0,0,0
2019-04-30,7.480000019073486,7.480000019073486,7.480000019073486,7.480000019073486,0,0,0
2019-05-02,7.480000019073486,7.480000019073486,7.480000019073486,7.480000019073486,0,0,0
2019-05-03,7.480000019073486,7.480000019073486,7.480000019073486,7.480000019073486,1,0,0
2019-05-06,7.480000019073486,7.480000019073486,7.480000019073486,7.480000019073486,1,0,0
2019-05-07,7.480000019073486,7.480000019073486,7.480000019073486,7.480000019073486,0,0,0
2019-05-08,7.480000019073486,7.480000019073486,7.480000019073486,7.480000019073486,0,0,0
2019-05-09,7.480000019073486,7.480000019073486,7.480000019073486,7.480000019073486,0,0,0
2019-05-10,7.480000019073486,7.480000019073486,7.480000019073486,7.480000019073486,10,0,0
2019-05-13,7.480000019073486,7.480000019073486,7.480000019073486,7.480000019073486,0,0,0
2019-05-14,7.480000019073486,7.5,7.480000019073486,7.5,190,0,0
2019-05-15,7.5,7.5,7.5,7.5,100,0,0
2019-05-16,7.5,7.5,7.5,7.5,0,0,0
2019-05-17,7.5,7.5,7.130000114440918,7.130000114440918,901,0,0
2019-05-20,7.0,7.130000114440918,6.78000020980835,7.0,1828,0,0
2019-05-21,7.0,7.0,7.0,7.0,0,0,0
2019-05-22,7.0,7.0,7.0,7.0,100,0,0
2019-05-23,7.0,7.0,7.0,7.0,0,0,0
2019-05-24,7.0,7.0,7.0,7.0,0,0,0
2019-05-27,7.0,7.0,6.650000095367432,6.650000095367432,400,0,0
2019-05-28,6.949999809265137,6.949999809265137,6.949999809265137,6.949999809265137,200,0,0
2019-05-29,7.289999961853027,7.289999961853027,7.289999961853027,7.289999961853027,100,0,0
2019-05-30,7.289999961853027,7.289999961853027,7.289999961853027,7.289999961853027,0,0,0
2019-05-31,7.289999961853027,7.289999961853027,7.289999961853027,7.289999961853027,0,0,0
2019-06-03,7.289999961853027,7.289999961853027,7.289999961853027,7.289999961853027,0,0,0
2019-06-04,7.0,7.0,7.0,7.0,375,0,0
2019-06-06,7.349999904632568,7.349999904632568,7.349999904632568,7.349999904632568,313,0,0
2019-06-07,7.349999904632568,7.349999904632568,7.349999904632568,7.349999904632568,0,0,0
2019-06-10,7.099999904632568,7.099999904632568,7.099999904632568,7.099999904632568,100,0,0
2019-06-11,6.75,6.75,6.75,6.75,2544,0,0
2019-06-12,6.75,6.75,6.75,6.75,0,0,0
2019-06-13,6.420000076293945,6.420000076293945,6.420000076293945,6.420000076293945,90,0,0
2019-06-14,6.099999904632568,6.130000114440918,6.099999904632568,6.130000114440918,1865,0,0
2019-06-17,5.829999923706055,5.829999923706055,5.829999923706055,5.829999923706055,566,0,0
2019-06-18,5.829999923706055,5.829999923706055,5.829999923706055,5.829999923706055,0,0,0
2019-06-19,5.610000133514404,5.610000133514404,5.610000133514404,5.610000133514404,400,0,0
2019-06-20,5.889999866485596,5.889999866485596,5.889999866485596,5.889999866485596,150,0,0
2019-06-21,5.889999866485596,5.889999866485596,5.889999866485596,5.889999866485596,0,0,0
2019-06-24,5.889999866485596,5.889999866485596,5.889999866485596,5.889999866485596,0,0,0
2019-06-25,5.889999866485596,5.889999866485596,5.889999866485596,5.889999866485596,0,0,0
2019-06-26,5.889999866485596,5.889999866485596,5.889999866485596,5.889999866485596,0,0,0
2019-06-27,5.650000095367432,5.650000095367432,5.650000095367432,5.650000095367432,100,0,0
2019-06-28,5.929999828338623,5.929999828338623,5.929999828338623,5.929999828338623,357,0,0
2019-07-01,5.639999866485596,5.639999866485596,5.639999866485596,5.639999866485596,200,0,0
2019-07-02,5.639999866485596,5.639999866485596,5.639999866485596,5.639999866485596,0,0,0
2019-07-03,5.639999866485596,5.639999866485596,5.639999866485596,5.639999866485596,0,0,0
2019-07-04,5.639999866485596,5.639999866485596,5.639999866485596,5.639999866485596,0,0,0
2019-07-05,5.360000133514404,5.360000133514404,5.360000133514404,5.360000133514404,100,0,0
2019-07-08,5.619999885559082,5.619999885559082,5.619999885559082,5.619999885559082,300,0,0
2019-07-09,5.619999885559082,5.619999885559082,5.619999885559082,5.619999885559082,0,0,0
2019-07-10,5.619999885559082,5.619999885559082,5.619999885559082,5.619999885559082,0,0,0
2019-07-11,5.619999885559082,5.619999885559082,5.619999885559082,5.619999885559082,0,0,0
2019-07-12,5.619999885559082,5.619999885559082,5.619999885559082,5.619999885559082,100,0,0
2019-07-15,5.619999885559082,5.619999885559082,5.619999885559082,5.619999885559082,0,0,0
2019-07-16,5.619999885559082,5.619999885559082,5.619999885559082,5.619999885559082,100,0,0
2019-07-17,5.349999904632568,5.349999904632568,5.349999904632568,5.349999904632568,50,0,0
2019-07-18,5.090000152587891,5.349999904632568,5.090000152587891,5.349999904632568,350,0,0
2019-07-19,5.099999904632568,5.099999904632568,5.099999904632568,5.099999904632568,500,0,0
2019-07-22,5.099999904632568,5.099999904632568,5.099999904632568,5.099999904632568,0,0,0
2019-07-23,5.099999904632568,5.099999904632568,5.099999904632568,5.099999904632568,0,0,0
2019-07-24,5.099999904632568,5.099999904632568,5.099999904632568,5.099999904632568,0,0,0
2019-07-25,5.150000095367432,5.150000095367432,5.150000095367432,5.150000095367432,104,0,0
2019-07-26,5.150000095367432,5.150000095367432,5.150000095367432,5.150000095367432,0,0,0
2019-07-29,5.150000095367432,5.150000095367432,5.150000095367432,5.150000095367432,0,0,0
2019-07-30,5.150000095367432,5.150000095367432,5.150000095367432,5.150000095367432,0,0,0
2019-07-31,5.400000095367432,5.400000095367432,5.400000095367432,5.400000095367432,50,0,0
2019-08-01,5.400000095367432,5.400000095367432,5.400000095367432,5.400000095367432,10,0,0
2019-08-02,5.400000095367432,5.400000095367432,5.130000114440918,5.130000114440918,810,0,0
2019-08-05,5.130000114440918,5.130000114440918,5.130000114440918,5.130000114440918,0,0,0
2019-08-06,5.130000114440918,5.130000114440918,5.130000114440918,5.130000114440918,0,0,0
2019-08-07,5.130000114440918,5.130000114440918,5.130000114440918,5.130000114440918,0,0,0
2019-08-08,4.880000114440918,4.909999847412109,4.880000114440918,4.909999847412109,200,0,0
2019-08-09,4.909999847412109,4.909999847412109,4.909999847412109,4.909999847412109,0,0,0
2019-08-13,5.0,5.0,5.0,5.0,1,0,0
2019-08-14,5.25,5.25,5.25,5.25,75,0,0
2019-08-16,5.25,5.25,5.25,5.25,0,0,0
2019-08-19,5.25,5.25,5.25,5.25,0,0,0
2019-08-20,5.510000228881836,5.510000228881836,4.989999771118164,4.989999771118164,46,0,0
2019-08-21,4.75,5.230000019073486,4.75,5.230000019073486,200,0,0
2019-08-22,5.230000019073486,5.230000019073486,5.230000019073486,5.230000019073486,0,0,0
2019-08-23,5.489999771118164,5.489999771118164,5.489999771118164,5.489999771118164,100,0,0
2019-08-26,5.760000228881836,5.760000228881836,5.760000228881836,5.760000228881836,790,0,0
2019-08-27,6.039999961853027,6.039999961853027,6.039999961853027,6.039999961853027,100,0,0
2019-08-28,6.340000152587891,6.340000152587891,6.340000152587891,6.340000152587891,200,0,0
2019-08-29,6.03000020980835,6.650000095367432,6.03000020980835,6.650000095367432,301,0,0
2019-08-30,6.650000095367432,6.650000095367432,6.650000095367432,6.650000095367432,0,0,0
2019-09-03,6.980000019073486,6.980000019073486,6.650000095367432,6.650000095367432,250,0,0
2019-09-04,6.650000095367432,6.650000095367432,6.650000095367432,6.650000095367432,250,0,0
2019-09-05,6.650000095367432,6.650000095367432,6.650000095367432,6.650000095367432,0,0,0
2019-09-06,6.980000019073486,6.980000019073486,6.650000095367432,6.650000095367432,550,0,0
2019-09-09,6.650000095367432,6.650000095367432,6.650000095367432,6.650000095367432,0,0,0
2019-09-11,6.360000133514404,6.980000019073486,6.360000133514404,6.980000019073486,250,0,0
2019-09-12,6.980000019073486,6.980000019073486,6.980000019073486,6.980000019073486,0,0,0
2019-09-13,6.639999866485596,6.639999866485596,6.639999866485596,6.639999866485596,200,0,0
2019-09-16,6.639999866485596,6.639999866485596,6.639999866485596,6.639999866485596,260,0,0
2019-09-17,6.679999828338623,6.679999828338623,6.639999866485596,6.639999866485596,600,0,0
2019-09-18,6.650000095367432,6.650000095367432,6.599999904632568,6.599999904632568,480,0,0
2019-09-19,6.5,6.5,6.5,6.5,110,0,0
2019-09-20,6.5,6.5,6.5,6.5,101,0,0
2019-09-23,6.5,6.5,6.199999809265137,6.199999809265137,250,0,0
2019-09-24,6.199999809265137,6.199999809265137,5.889999866485596,5.889999866485596,180,0,0
2019-09-25,5.889999866485596,5.889999866485596,5.889999866485596,5.889999866485596,0,0,0
2019-09-26,5.889999866485596,5.889999866485596,5.889999866485596,5.889999866485596,0,0,0
2019-09-27,5.889999866485596,5.889999866485596,5.889999866485596,5.889999866485596,0,0,0
2019-09-30,5.889999866485596,5.889999866485596,5.889999866485596,5.889999866485596,100,0,0
2019-10-01,5.889999866485596,5.889999866485596,5.699999809265137,5.699999809265137,125,0,0
2019-10-03,5.699999809265137,5.699999809265137,5.699999809265137,5.699999809265137,0,0,0
2019-10-04,5.449999809265137,5.980000019073486,5.449999809265137,5.980000019073486,201,0,0
2019-10-07,5.980000019073486,5.980000019073486,5.980000019073486,5.980000019073486,64,0,0
2019-10-09,5.980000019073486,5.980000019073486,5.980000019073486,5.980000019073486,113,0,0
2019-10-10,5.690000057220459,6.269999980926514,5.690000057220459,6.269999980926514,350,0,0
2019-10-11,6.579999923706055,6.579999923706055,6.010000228881836,6.010000228881836,250,0,0
2019-10-14,6.010000228881836,6.010000228881836,6.010000228881836,6.010000228881836,0,0,0
2019-10-15,6.0,6.300000190734863,5.710000038146973,6.300000190734863,600,0,0
2019-10-16,6.300000190734863,6.300000190734863,6.300000190734863,6.300000190734863,0,0,0
2019-10-17,6.610000133514404,6.610000133514404,6.010000228881836,6.010000228881836,275,0,0
2019-10-18,5.71999979019165,5.739999771118164,5.71999979019165,5.739999771118164,700,0,0
2019-10-22,6.019999980926514,6.019999980926514,6.019999980926514,6.019999980926514,460,0,0
2019-10-23,6.320000171661377,6.320000171661377,6.320000171661377,6.320000171661377,110,0,0
2019-10-24,6.320000171661377,6.320000171661377,6.320000171661377,6.320000171661377,0,0,0
2019-10-25,6.630000114440918,6.630000114440918,6.630000114440918,6.630000114440918,3,0,0
2019-10-27,6.630000114440918,6.960000038146973,6.630000114440918,6.960000038146973,100,0,0
2019-10-29,7.0,7.0,6.619999885559082,6.619999885559082,450,0,0
2019-10-30,6.949999809265137,6.949999809265137,6.949999809265137,6.949999809265137,500,0,0
2019-10-31,6.949999809265137,6.949999809265137,6.949999809265137,6.949999809265137,0,0,0
2019-11-01,6.949999809265137,6.949999809265137,6.949999809265137,6.949999809265137,0,0,0
2019-11-04,6.619999885559082,6.639999866485596,6.619999885559082,6.639999866485596,250,0,0
2019-11-05,6.409999847412109,6.409999847412109,6.409999847412109,6.409999847412109,935,0,0
2019-11-06,6.130000114440918,6.130000114440918,6.130000114440918,6.130000114440918,1100,0,0
2019-11-07,6.309999942779541,6.429999828338623,6.309999942779541,6.429999828338623,662,0,0
2019-11-08,6.429999828338623,6.429999828338623,6.320000171661377,6.320000171661377,1406,0,0
2019-11-11,6.320000171661377,6.320000171661377,6.320000171661377,6.320000171661377,0,0,0
2019-11-13,6.150000095367432,6.309999942779541,6.150000095367432,6.309999942779541,250,0,0
2019-11-14,6.309999942779541,6.309999942779541,6.309999942779541,6.309999942779541,0,0,0
2019-11-15,6.309999942779541,6.619999885559082,6.309999942779541,6.619999885559082,677,0,0
2019-11-18,6.289999961853027,6.949999809265137,6.289999961853027,6.949999809265137,1563,0,0
2019-11-19,7.289999961853027,7.289999961853027,7.289999961853027,7.289999961853027,200,0,0
2019-11-20,7.650000095367432,7.650000095367432,7.0,7.0,22,0,0
2019-11-21,7.349999904632568,7.349999904632568,7.349999904632568,7.349999904632568,100,0,0
2019-11-22,7.710000038146973,7.710000038146973,7.710000038146973,7.710000038146973,2829,0,0
2019-11-25,8.09000015258789,8.09000015258789,8.09000015258789,8.09000015258789,10,0,0
2019-11-26,7.690000057220459,8.489999771118164,7.690000057220459,7.690000057220459,408,0,0
2019-11-27,7.309999942779541,7.309999942779541,7.309999942779541,7.309999942779541,201,0,0
2019-11-28,6.949999809265137,7.050000190734863,6.949999809265137,7.050000190734863,101,0,0
2019-11-29,6.699999809265137,6.849999904632568,6.699999809265137,6.849999904632568,506,0,0
2019-12-02,6.510000228881836,7.0,6.510000228881836,7.0,251,0,0
2019-12-03,6.650000095367432,7.349999904632568,6.650000095367432,7.349999904632568,6,0,0
2019-12-04,7.710000038146973,7.710000038146973,6.989999771118164,6.989999771118164,201,0,0
2019-12-05,6.650000095367432,6.650000095367432,6.650000095367432,6.650000095367432,1,0,0
2019-12-06,6.980000019073486,6.980000019073486,6.320000171661377,6.320000171661377,3,0,0
2019-12-09,6.010000228881836,6.010000228881836,6.010000228881836,6.010000228881836,151,0,0
2019-12-10,6.010000228881836,6.010000228881836,6.010000228881836,6.010000228881836,0,0,0
2019-12-11,6.010000228881836,6.010000228881836,6.010000228881836,6.010000228881836,0,0,0
2019-12-12,5.900000095367432,5.989999771118164,5.900000095367432,5.989999771118164,545,0,0
2019-12-13,5.699999809265137,6.28000020980835,5.699999809265137,6.28000020980835,160,0,0
2019-12-16,5.96999979019165,6.590000152587891,5.96999979019165,5.96999979019165,250,0,0
2019-12-17,6.260000228881836,6.260000228881836,6.260000228881836,6.260000228881836,480,0,0
2019-12-18,6.260000228881836,6.260000228881836,6.260000228881836,6.260000228881836,0,0,0
2019-12-19,6.570000171661377,6.570000171661377,5.96999979019165,5.96999979019165,301,0,0
2019-12-20,5.96999979019165,5.96999979019165,5.96999979019165,5.96999979019165,0,0,0
2019-12-23,6.25,6.260000228881836,6.25,6.260000228881836,950,0,0
2019-12-24,6.570000171661377,6.570000171661377,6.570000171661377,6.570000171661377,350,0,0
2019-12-26,6.889999866485596,6.889999866485596,6.889999866485596,6.889999866485596,105,0,0
2019-12-27,7.230000019073486,7.230000019073486,7.230000019073486,7.230000019073486,237,0,0
2019-12-30,7.590000152587891,7.590000152587891,7.590000152587891,7.590000152587891,17,0,0
2019-12-31,7.590000152587891,7.590000152587891,7.590000152587891,7.590000152587891,0,0,0
2020-01-01,7.590000152587891,7.590000152587891,7.590000152587891,7.590000152587891,0,0,0
2020-01-02,7.21999979019165,7.960000038146973,7.21999979019165,7.960000038146973,601,0,0
2020-01-03,7.590000152587891,8.34000015258789,7.590000152587891,7.659999847412109,402,0,0
2020-01-06,8.0,8.0,8.0,8.0,122,0,0
2020-01-07,8.010000228881836,8.399999618530273,7.699999809265137,7.71999979019165,393,0,0
2020-01-08,7.71999979019165,7.71999979019165,7.71999979019165,7.71999979019165,0,0,0
2020-01-09,7.340000152587891,8.100000381469727,7.340000152587891,8.100000381469727,146,0,0
2020-01-10,8.0,8.5,7.739999771118164,8.5,602,0,0
2020-01-13,8.920000076293945,8.920000076293945,8.920000076293945,8.920000076293945,10,0,0
2020-01-14,8.5,8.600000381469727,8.479999542236328,8.600000381469727,149,0,0
2020-01-15,8.170000076293945,9.029999732971191,8.170000076293945,9.020000457763672,484,0,0
2020-01-16,8.899999618530273,9.4399995803833,8.619999885559082,9.399999618530273,1259,0,0
2020-01-17,8.930000305175781,9.850000381469727,8.930000305175781,9.029999732971191,641,0,0
2020-01-20,9.029999732971191,9.029999732971191,8.579999923706055,8.579999923706055,265,0,0
2020-01-21,8.15999984741211,9.0,8.15999984741211,9.0,757,0,0
2020-01-22,8.550000190734863,8.800000190734863,8.550000190734863,8.800000190734863,801,0,0
2020-01-23,9.239999771118164,9.239999771118164,9.229999542236328,9.239999771118164,222,0,0
2020-01-24,8.899999618530273,8.899999618530273,8.899999618530273,8.899999618530273,1,0,0
2020-01-27,8.899999618530273,8.899999618530273,8.800000190734863,8.880000114440918,12,0,0
2020-01-28,8.880000114440918,8.880000114440918,8.880000114440918,8.880000114440918,0,0,0
2020-01-29,8.880000114440918,8.880000114440918,8.880000114440918,8.880000114440918,0,0,0
2020-01-30,8.880000114440918,8.880000114440918,8.880000114440918,8.880000114440918,0,0,0
2020-01-31,8.449999809265137,9.319999694824219,8.4399995803833,9.319999694824219,260,0,0
2020-02-03,9.0,9.0,9.0,9.0,2,0,0
2020-02-04,8.800000190734863,9.0,8.550000190734863,8.550000190734863,251,0,0
2020-02-05,8.550000190734863,8.550000190734863,8.550000190734863,8.550000190734863,0,0,0
2020-02-06,8.550000190734863,8.550000190734863,8.550000190734863,8.550000190734863,0,0,0
2020-02-07,8.949999809265137,8.949999809265137,8.149999618530273,8.359999656677246,66,0,0
2020-02-10,8.770000457763672,8.770000457763672,8.369999885559082,8.369999885559082,109,0,0
2020-02-11,8.380000114440918,8.399999618530273,8.369999885559082,8.369999885559082,400,0,0
2020-02-12,8.399999618530273,8.399999618530273,8.399999618530273,8.399999618530273,100,0,0
2020-02-13,8.399999618530273,8.399999618530273,8.399999618530273,8.399999618530273,0,0,0
2020-02-14,7.980000019073486,7.980000019073486,7.980000019073486,7.980000019073486,100,0,0
2020-02-17,7.980000019073486,8.369999885559082,7.599999904632568,8.369999885559082,523,0,0
2020-02-18,8.779999732971191,8.779999732971191,8.779999732971191,8.779999732971191,2,0,0
2020-02-19,8.779999732971191,8.779999732971191,8.779999732971191,8.779999732971191,0,0,0
2020-02-20,8.779999732971191,8.779999732971191,8.779999732971191,8.779999732971191,0,0,0
2020-02-24,8.359999656677246,8.359999656677246,8.359999656677246,8.359999656677246,100,0,0
2020-02-25,8.359999656677246,8.359999656677246,8.359999656677246,8.359999656677246,0,0,0
2020-02-26,8.359999656677246,8.359999656677246,8.359999656677246,8.359999656677246,0,0,0
2020-02-27,8.359999656677246,8.359999656677246,8.359999656677246,8.359999656677246,0,0,0
2020-02-28,8.359999656677246,8.359999656677246,8.359999656677246,8.359999656677246,0,0,0
2020-03-02,7.949999809265137,7.960000038146973,7.949999809265137,7.960000038146973,26,0,0
2020-03-03,7.960000038146973,7.960000038146973,7.960000038146973,7.960000038146973,0,0,0
2020-03-04,7.21999979019165,7.21999979019165,7.21999979019165,7.21999979019165,101,0,0
2020-03-05,6.869999885559082,7.5,6.869999885559082,7.5,302,0,0
2020-03-06,7.869999885559082,7.869999885559082,7.130000114440918,7.130000114440918,398,0,0
2020-03-09,7.130000114440918,7.130000114440918,7.130000114440918,7.130000114440918,0,0,0
2020-03-11,7.0,7.0,6.449999809265137,6.449999809265137,200,0,0
2020-03-12,6.449999809265137,6.449999809265137,6.449999809265137,6.449999809265137,0,0,0
2020-03-13,6.449999809265137,6.449999809265137,6.449999809265137,6.449999809265137,0,0,0
2020-03-16,6.130000114440918,6.5,6.130000114440918,6.5,117,0,0
2020-03-17,6.5,6.5,6.179999828338623,6.179999828338623,200,0,0
2020-03-18,6.179999828338623,6.179999828338623,6.179999828338623,6.179999828338623,0,0,0
2020-03-19,6.179999828338623,6.179999828338623,6.179999828338623,6.179999828338623,0,0,0
2020-03-20,6.099999904632568,6.480000019073486,5.900000095367432,6.440000057220459,1101,0,0
2020-03-23,6.440000057220459,6.440000057220459,6.440000057220459,6.440000057220459,0,0,0
2020-03-24,6.440000057220459,6.440000057220459,6.440000057220459,6.440000057220459,0,0,0
2020-03-25,6.130000114440918,6.130000114440918,6.130000114440918,6.130000114440918,1,0,0
2020-03-26,6.130000114440918,6.130000114440918,6.130000114440918,6.130000114440918,0,0,0
2020-03-27,5.840000152587891,5.840000152587891,5.840000152587891,5.840000152587891,1,0,0
2020-03-30,5.559999942779541,5.570000171661377,5.559999942779541,5.559999942779541,61,0,0
2020-03-31,5.300000190734863,5.300000190734863,5.300000190734863,5.300000190734863,1,0,0
2020-04-01,5.300000190734863,5.300000190734863,5.300000190734863,5.300000190734863,0,0,0
2020-04-03,5.300000190734863,5.300000190734863,5.300000190734863,5.300000190734863,0,0,0
2020-04-07,5.300000190734863,5.300000190734863,5.300000190734863,5.300000190734863,0,0,0
2020-04-08,5.300000190734863,5.300000190734863,5.300000190734863,5.300000190734863,0,0,0
2020-04-09,5.559999942779541,5.559999942779541,5.559999942779541,5.559999942779541,200,0,0
2020-04-13,5.829999923706055,5.829999923706055,5.829999923706055,5.829999923706055,63,0,0
2020-04-15,6.119999885559082,6.119999885559082,6.119999885559082,6.119999885559082,151,0,0
2020-04-16,6.119999885559082,6.119999885559082,6.119999885559082,6.119999885559082,0,0,0
2020-04-17,6.119999885559082,6.119999885559082,6.119999885559082,6.119999885559082,0,0,0
2020-04-20,6.420000076293945,6.420000076293945,6.420000076293945,6.420000076293945,1,0,0
2020-04-21,6.420000076293945,6.420000076293945,6.420000076293945,6.420000076293945,0,0,0
2020-04-22,6.420000076293945,6.420000076293945,6.420000076293945,6.420000076293945,0,0,0
2020-04-23,6.099999904632568,6.099999904632568,6.099999904632568,6.099999904632568,100,0,0
2020-04-24,6.099999904632568,6.099999904632568,6.099999904632568,6.099999904632568,0,0,0
2020-04-27,6.400000095367432,6.400000095367432,6.400000095367432,6.400000095367432,3,0,0
2020-04-28,6.119999885559082,6.119999885559082,6.119999885559082,6.119999885559082,5,0,0
2020-04-29,6.119999885559082,6.119999885559082,6.119999885559082,6.119999885559082,0,0,0
2020-04-30,6.420000076293945,6.420000076293945,6.420000076293945,6.420000076293945,432,0,0
2020-05-04,6.739999771118164,6.739999771118164,6.739999771118164,6.739999771118164,100,0,0
2020-05-05,6.409999847412109,6.409999847412109,6.409999847412109,6.409999847412109,161,0,0
2020-05-06,6.409999847412109,6.409999847412109,6.409999847412109,6.409999847412109,0,0,0
2020-05-07,6.409999847412109,6.409999847412109,6.409999847412109,6.409999847412109,0,0,0
2020-05-08,6.409999847412109,6.409999847412109,6.409999847412109,6.409999847412109,0,0,0
2020-05-11,6.409999847412109,6.409999847412109,6.409999847412109,6.409999847412109,0,0,0
2020-05-12,6.409999847412109,6.409999847412109,6.409999847412109,6.409999847412109,200,0,0
2020-05-13,6.409999847412109,6.409999847412109,6.409999847412109,6.409999847412109,0,0,0
2020-05-14,6.449999809265137,6.71999979019165,6.449999809265137,6.71999979019165,212,0,0
2020-05-15,6.71999979019165,6.71999979019165,6.71999979019165,6.71999979019165,0,0,0
2020-05-18,6.71999979019165,6.71999979019165,6.71999979019165,6.71999979019165,0,0,0
2020-05-19,6.71999979019165,6.71999979019165,6.71999979019165,6.71999979019165,0,0,0
2020-05-20,6.71999979019165,6.71999979019165,6.71999979019165,6.71999979019165,0,0,0
2020-05-21,7.050000190734863,7.050000190734863,7.050000190734863,7.050000190734863,78,0,0
2020-05-22,7.050000190734863,7.050000190734863,7.050000190734863,7.050000190734863,0,0,0
2020-05-26,7.050000190734863,7.050000190734863,7.050000190734863,7.050000190734863,0,0,0
2020-05-27,7.050000190734863,7.050000190734863,7.050000190734863,7.050000190734863,0,0,0
2020-05-28,7.050000190734863,7.050000190734863,7.050000190734863,7.050000190734863,150,0,0
2020-05-29,7.050000190734863,7.050000190734863,7.050000190734863,7.050000190734863,100,0,0
2020-06-01,7.300000190734863,7.300000190734863,6.710000038146973,6.710000038146973,20,0,0
2020-06-02,6.900000095367432,7.0,6.900000095367432,7.0,101,0,0
2020-06-03,7.0,7.349999904632568,7.0,7.349999904632568,799,0,0
2020-06-04,7.349999904632568,7.349999904632568,7.349999904632568,7.349999904632568,200,0,0
2020-06-05,7.349999904632568,7.349999904632568,7.349999904632568,7.349999904632568,0,0,0
2020-06-08,7.349999904632568,7.349999904632568,7.349999904632568,7.349999904632568,0,0,0
2020-06-09,6.989999771118164,6.989999771118164,6.989999771118164,6.989999771118164,9635,0,0
2020-06-10,6.989999771118164,6.989999771118164,6.989999771118164,6.989999771118164,100,0,0
2020-06-11,6.989999771118164,6.989999771118164,6.989999771118164,6.989999771118164,0,0,0
2020-06-12,6.650000095367432,6.650000095367432,6.650000095367432,6.650000095367432,10,0,0
2020-06-15,6.320000171661377,6.320000171661377,6.320000171661377,6.320000171661377,400,0,0
2020-06-16,6.010000228881836,6.010000228881836,6.010000228881836,6.010000228881836,219,0,0
2020-06-17,6.010000228881836,6.010000228881836,6.010000228881836,6.010000228881836,0,0,0
2020-06-18,5.71999979019165,5.71999979019165,5.71999979019165,5.71999979019165,183,0,0
2020-06-19,5.449999809265137,6.0,5.449999809265137,6.0,402,0,0
2020-06-22,5.699999809265137,5.699999809265137,5.699999809265137,5.699999809265137,200,0,0
2020-06-23,5.980000019073486,5.980000019073486,5.429999828338623,5.429999828338623,500,0,0
2020-06-24,5.429999828338623,5.429999828338623,5.429999828338623,5.429999828338623,0,0,0
2020-06-25,5.699999809265137,5.699999809265137,5.699999809265137,5.699999809265137,810,0,0
2020-06-26,5.699999809265137,5.699999809265137,5.699999809265137,5.699999809265137,0,0,0
2020-06-29,5.980000019073486,5.980000019073486,5.980000019073486,5.980000019073486,199,0,0
2020-06-30,5.690000057220459,5.800000190734863,5.690000057220459,5.690000057220459,650,0,0
2020-07-01,5.96999979019165,5.96999979019165,5.420000076293945,5.420000076293945,802,0,0
2020-07-02,5.199999809265137,5.199999809265137,5.199999809265137,5.199999809265137,75,0,0
2020-07-03,5.199999809265137,5.199999809265137,5.199999809265137,5.199999809265137,0,0,0
2020-07-06,5.690000057220459,5.690000057220459,5.690000057220459,5.690000057220459,136,0,0
2020-07-07,5.690000057220459,5.690000057220459,5.690000057220459,5.690000057220459,0,0,0
2020-07-08,5.690000057220459,5.690000057220459,5.690000057220459,5.690000057220459,0,0,0
2020-07-09,5.690000057220459,5.690000057220459,5.690000057220459,5.690000057220459,0,0,0
2020-07-10,5.420000076293945,5.420000076293945,5.420000076293945,5.420000076293945,102,0,0
2020-07-13,5.420000076293945,5.690000057220459,5.420000076293945,5.679999828338623,1819,0,0
2020-07-14,5.960000038146973,5.960000038146973,5.960000038146973,5.960000038146973,600,0,0
2020-07-15,5.960000038146973,5.960000038146973,5.960000038146973,5.960000038146973,0,0,0
2020-07-16,5.960000038146973,5.960000038146973,5.960000038146973,5.960000038146973,0,0,0
2020-07-17,5.960000038146973,5.960000038146973,5.960000038146973,5.960000038146973,0,0,0
2020-07-20,5.800000190734863,5.800000190734863,5.800000190734863,5.800000190734863,200,0,0
2020-07-21,5.800000190734863,5.800000190734863,5.800000190734863,5.800000190734863,50,0,0
2020-07-22,5.800000190734863,5.800000190734863,5.800000190734863,5.800000190734863,0,0,0
2020-07-23,5.800000190734863,5.800000190734863,5.800000190734863,5.800000190734863,150,0,0
2020-07-24,5.800000190734863,5.800000190734863,5.800000190734863,5.800000190734863,0,0,0
2020-07-27,5.800000190734863,5.800000190734863,5.800000190734863,5.800000190734863,0,0,0
2020-07-28,5.800000190734863,5.800000190734863,5.800000190734863,5.800000190734863,0,0,0
2020-07-29,5.800000190734863,5.800000190734863,5.800000190734863,5.800000190734863,0,0,0
2020-07-30,5.510000228881836,5.510000228881836,5.510000228881836,5.510000228881836,150,0,0
2020-07-31,5.25,5.25,5.25,5.25,100,0,0
2020-08-03,5.25,5.25,5.25,5.25,0,0,0
2020-08-04,5.25,5.25,5.25,5.25,0,0,0
2020-08-05,5.25,5.25,5.25,5.25,0,0,0
2020-08-06,5.25,5.25,5.099999904632568,5.099999904632568,400,0,0
2020-08-07,5.099999904632568,5.099999904632568,5.099999904632568,5.099999904632568,0,0,0
2020-08-10,5.099999904632568,5.099999904632568,5.099999904632568,5.099999904632568,0,0,0
2020-08-11,5.099999904632568,5.099999904632568,5.099999904632568,5.099999904632568,0,0,0
2020-08-12,5.349999904632568,5.349999904632568,5.010000228881836,5.010000228881836,1099,0,0
2020-08-13,4.769999980926514,5.25,4.769999980926514,5.25,300,0,0
2020-08-14,5.510000228881836,5.510000228881836,5.510000228881836,5.510000228881836,400,0,0
2020-08-17,5.510000228881836,5.510000228881836,5.510000228881836,5.510000228881836,0,0,0
2020-08-18,5.75,5.75,5.75,5.75,30,0,0
2020-08-19,5.46999979019165,5.53000020980835,5.46999979019165,5.53000020980835,1750,0,0
2020-08-20,5.599999904632568,5.599999904632568,5.599999904632568,5.599999904632568,100,0,0
2020-08-21,5.880000114440918,5.880000114440918,5.880000114440918,5.880000114440918,150,0,0
2020-08-24,5.880000114440918,5.880000114440918,5.880000114440918,5.880000114440918,0,0,0
2020-08-25,6.170000076293945,6.170000076293945,6.170000076293945,6.170000076293945,465,0,0
2020-08-26,6.170000076293945,6.170000076293945,6.170000076293945,6.170000076293945,0,0,0
2020-08-27,6.46999979019165,6.46999979019165,6.46999979019165,6.46999979019165,600,0,0
2020-08-28,6.789999961853027,6.789999961853027,6.789999961853027,6.789999961853027,300,0,0
2020-08-31,6.789999961853027,6.789999961853027,6.789999961853027,6.789999961853027,0,0,0
2020-09-01,6.789999961853027,6.789999961853027,6.789999961853027,6.789999961853027,0,0,0
2020-09-02,6.789999961853027,6.789999961853027,6.789999961853027,6.789999961853027,0,0,0
2020-09-03,6.789999961853027,6.789999961853027,6.789999961853027,6.789999961853027,100,0,0
2020-09-04,6.789999961853027,6.789999961853027,6.789999961853027,6.789999961853027,0,0,0
2020-09-07,6.789999961853027,6.789999961853027,6.789999961853027,6.789999961853027,850,0,0
2020-09-08,6.789999961853027,6.789999961853027,6.789999961853027,6.789999961853027,105,0,0
2020-09-09,6.789999961853027,6.789999961853027,6.789999961853027,6.789999961853027,1900,0,0
2020-09-10,6.789999961853027,6.789999961853027,6.789999961853027,6.789999961853027,690,0,0
2020-09-11,6.789999961853027,6.789999961853027,6.789999961853027,6.789999961853027,700,0,0
2020-09-14,6.789999961853027,6.789999961853027,6.789999961853027,6.789999961853027,0,0,0
2020-09-15,6.789999961853027,6.789999961853027,6.789999961853027,6.789999961853027,0,0,0
2020-09-16,6.789999961853027,6.789999961853027,6.789999961853027,6.789999961853027,0,0,0
2020-09-17,6.789999961853027,6.789999961853027,6.789999961853027,6.789999961853027,0,0,0
2020-09-18,6.789999961853027,6.789999961853027,6.789999961853027,6.789999961853027,0,0,0
2020-09-21,7.119999885559082,7.119999885559082,7.119999885559082,7.119999885559082,5,0,0
2020-09-22,6.769999980926514,6.769999980926514,6.769999980926514,6.769999980926514,40,0,0
2020-09-23,6.769999980926514,6.769999980926514,6.769999980926514,6.769999980926514,0,0,0
2020-09-24,6.769999980926514,6.769999980926514,6.769999980926514,6.769999980926514,0,0,0
2020-09-25,6.769999980926514,6.769999980926514,6.769999980926514,6.769999980926514,12,0,0
2020-09-28,7.099999904632568,7.099999904632568,7.099999904632568,7.099999904632568,5,0,0
2020-09-29,7.099999904632568,7.099999904632568,7.099999904632568,7.099999904632568,0,0,0
2020-09-30,6.75,6.75,6.75,6.75,100,0,0
2020-10-01,6.420000076293945,6.420000076293945,6.420000076293945,6.420000076293945,200,0,0
2020-10-05,6.420000076293945,6.420000076293945,6.420000076293945,6.420000076293945,0,0,0
2020-10-06,6.099999904632568,6.099999904632568,6.099999904632568,6.099999904632568,600,0,0
2020-10-07,5.809999942779541,5.809999942779541,5.809999942779541,5.809999942779541,50,0,0
2020-10-08,5.809999942779541,5.809999942779541,5.809999942779541,5.809999942779541,0,0,0
2020-10-09,5.809999942779541,5.809999942779541,5.809999942779541,5.809999942779541,0,0,0
2020-10-12,6.099999904632568,6.099999904632568,6.099999904632568,6.099999904632568,39,0,0
2020-10-13,5.800000190734863,5.800000190734863,5.800000190734863,5.800000190734863,100,0,0
2020-10-14,6.090000152587891,6.090000152587891,6.090000152587891,6.090000152587891,600,0,0
2020-10-15,6.090000152587891,6.090000152587891,6.090000152587891,6.090000152587891,0,0,0
2020-10-16,5.789999961853027,5.789999961853027,5.789999961853027,5.789999961853027,100,0,0
2020-10-19,5.789999961853027,5.789999961853027,5.789999961853027,5.789999961853027,0,0,0
2020-10-20,5.789999961853027,5.789999961853027,5.510000228881836,5.789999961853027,300,0,0
2020-10-21,5.789999961853027,5.789999961853027,5.789999961853027,5.789999961853027,0,0,0
2020-10-22,5.789999961853027,5.789999961853027,5.789999961853027,5.789999961853027,0,0,0
2020-10-23,5.789999961853027,5.789999961853027,5.789999961853027,5.789999961853027,0,0,0
2020-10-26,5.789999961853027,5.789999961853027,5.789999961853027,5.789999961853027,0,0,0
2020-10-27,5.510000228881836,5.510000228881836,5.510000228881836,5.510000228881836,400,0,0
2020-10-28,5.239999771118164,5.239999771118164,5.239999771118164,5.239999771118164,100,0,0
2020-10-29,4.980000019073486,4.980000019073486,4.980000019073486,4.980000019073486,400,0,0
2020-10-30,4.980000019073486,4.980000019073486,4.980000019073486,4.980000019073486,0,0,0
2020-11-02,4.980000019073486,5.21999979019165,4.980000019073486,5.21999979019165,69,0,0
2020-11-03,5.21999979019165,5.21999979019165,5.21999979019165,5.21999979019165,50,0,0
2020-11-04,5.21999979019165,5.21999979019165,5.21999979019165,5.21999979019165,179,0,0
2020-11-05,5.21999979019165,5.25,5.21999979019165,5.25,150,0,0
2020-11-06,5.25,5.25,5.25,5.25,300,0,0
2020-11-09,5.510000228881836,5.510000228881836,5.510000228881836,5.510000228881836,210,0,0
2020-11-10,5.510000228881836,5.510000228881836,5.510000228881836,5.510000228881836,180,0,0
2020-11-11,5.670000076293945,5.670000076293945,5.5,5.5,100,0,0
2020-11-12,5.5,5.5,5.5,5.5,0,0,0
2020-11-13,5.5,5.5,5.5,5.5,0,0,0
2020-11-17,5.769999980926514,5.769999980926514,5.5,5.5,1176,0,0
2020-11-18,5.5,5.5,5.5,5.5,0,0,0
2020-11-19,5.5,5.769999980926514,5.5,5.769999980926514,1290,0,0
2020-11-20,5.769999980926514,6.050000190734863,5.769999980926514,6.050000190734863,410,0,0
2020-11-23,6.349999904632568,6.349999904632568,6.050000190734863,6.349999904632568,351,0,0
2020-11-24,6.360000133514404,6.360000133514404,6.349999904632568,6.360000133514404,400,0,0
2020-11-25,6.360000133514404,6.360000133514404,6.360000133514404,6.360000133514404,0,0,0
2020-11-26,6.369999885559082,6.650000095367432,6.369999885559082,6.650000095367432,171,0,0
2020-11-27,6.320000171661377,6.980000019073486,6.320000171661377,6.75,11141,0,0
2020-12-01,6.420000076293945,7.079999923706055,6.420000076293945,7.070000171661377,263,0,0
2020-12-02,7.079999923706055,7.079999923706055,6.730000019073486,7.079999923706055,7231,0,0
2020-12-03,6.800000190734863,7.429999828338623,6.739999771118164,7.429999828338623,530,0,0
2020-12-04,7.429999828338623,7.800000190734863,7.429999828338623,7.800000190734863,101,0,0
2020-12-07,8.0,8.1899995803833,8.0,8.1899995803833,323,0,0
2020-12-08,8.199999809265137,8.59000015258789,8.199999809265137,8.59000015258789,300,0,0
2020-12-09,8.84000015258789,8.84000015258789,8.170000076293945,8.170000076293945,646,0,0
2020-12-10,7.769999980926514,7.769999980926514,7.769999980926514,7.769999980926514,57,0,0
2020-12-11,7.400000095367432,8.149999618530273,7.389999866485596,8.149999618530273,459,0,0
2020-12-14,8.550000190734863,8.550000190734863,8.550000190734863,8.550000190734863,12,0,0
2020-12-15,8.550000190734863,8.550000190734863,8.550000190734863,8.550000190734863,0,0,0
2020-12-16,8.899999618530273,8.899999618530273,8.130000114440918,8.130000114440918,101,0,0
2020-12-17,7.730000019073486,8.5,7.730000019073486,8.449999809265137,834,0,0
2020-12-18,8.869999885559082,8.869999885559082,8.029999732971191,8.029999732971191,1643,0,0
2020-12-21,8.029999732971191,8.029999732971191,7.630000114440918,8.029999732971191,3627,0,0
2020-12-22,8.430000305175781,8.430000305175781,7.630000114440918,8.430000305175781,20,0,0
2020-12-23,8.010000228881836,8.010000228881836,8.010000228881836,8.010000228881836,1000,0,0
2020-12-24,7.619999885559082,8.40999984741211,7.610000133514404,7.610000133514404,950,0,0
2020-12-28,7.599999904632568,7.989999771118164,7.230000019073486,7.989999771118164,839,0,0
2020-12-29,7.989999771118164,7.989999771118164,7.989999771118164,7.989999771118164,0,0,0
2020-12-30,7.96999979019165,8.789999961853027,7.96999979019165,7.96999979019165,1251,0,0
2020-12-31,7.96999979019165,7.96999979019165,7.579999923706055,7.579999923706055,1253,0,0
2021-01-01,7.210000038146973,7.949999809265137,7.210000038146973,7.949999809265137,52,0,0
2021-01-04,7.559999942779541,8.34000015258789,7.559999942779541,7.570000171661377,1627,0,0
2021-01-05,7.199999809265137,7.210000038146973,7.199999809265137,7.210000038146973,307,0,0
2021-01-06,6.900000095367432,7.199999809265137,6.900000095367432,7.199999809265137,530,0,0
2021-01-07,6.900000095367432,7.559999942779541,6.900000095367432,6.909999847412109,1056,0,0
2021-01-08,6.880000114440918,7.25,6.570000171661377,7.25,1990,0,0
2021-01-11,6.900000095367432,7.599999904632568,6.889999866485596,6.889999866485596,1198,0,0
2021-01-12,6.559999942779541,6.599999904632568,6.559999942779541,6.599999904632568,150,0,0
2021-01-13,6.650000095367432,6.929999828338623,6.650000095367432,6.650000095367432,1613,0,0
2021-01-14,6.510000228881836,6.510000228881836,6.510000228881836,6.510000228881836,100,0,0
2021-01-15,6.510000228881836,6.829999923706055,6.400000095367432,6.829999923706055,226,0,0
2021-01-18,6.489999771118164,7.170000076293945,6.489999771118164,6.510000228881836,1311,0,0
2021-01-19,6.829999923706055,6.829999923706055,6.829999923706055,6.829999923706055,204,0,0
2021-01-20,6.53000020980835,6.599999904632568,6.53000020980835,6.599999904632568,711,0,0
2021-01-21,6.460000038146973,6.929999828338623,6.460000038146973,6.46999979019165,504,0,0
2021-01-22,6.460000038146973,6.460000038146973,6.460000038146973,6.460000038146973,291,0,0
2021-01-25,6.460000038146973,6.460000038146973,6.460000038146973,6.460000038146973,0,0,0
2021-01-27,6.300000190734863,6.78000020980835,6.300000190734863,6.300000190734863,723,0,0
2021-01-28,6.300000190734863,6.300000190734863,6.300000190734863,6.300000190734863,165,0,0
2021-01-29,6.300000190734863,6.610000133514404,6.0,6.0,1764,0,0
2021-02-01,6.300000190734863,6.300000190734863,6.300000190734863,6.300000190734863,608,0,0
2021-02-02,6.610000133514404,6.610000133514404,6.610000133514404,6.610000133514404,1150,0,0
2021-02-03,6.610000133514404,6.610000133514404,6.28000020980835,6.28000020980835,371,0,0
2021-02-04,6.28000020980835,6.590000152587891,6.0,6.0,689,0,0
2021-02-05,6.0,6.300000190734863,5.900000095367432,6.0,403,0,0
2021-02-08,5.849999904632568,6.010000228881836,5.849999904632568,6.010000228881836,500,0,0
2021-02-09,6.300000190734863,6.300000190734863,5.900000095367432,6.300000190734863,1398,0,0
2021-02-10,6.0,6.0,6.0,6.0,272,0,0
2021-02-11,6.300000190734863,6.300000190734863,6.300000190734863,6.300000190734863,100,0,0
2021-02-12,6.0,6.0,6.0,6.0,157,0,0
2021-02-15,6.300000190734863,6.300000190734863,6.300000190734863,6.300000190734863,429,0,0
2021-02-16,6.300000190734863,6.300000190734863,6.300000190734863,6.300000190734863,0,0,0
2021-02-17,6.0,6.289999961853027,6.0,6.0,201,0,0
2021-02-18,5.900000095367432,6.300000190734863,5.71999979019165,6.0,2100,0,0
2021-02-19,6.0,6.0,6.0,6.0,0,0,0
2021-02-22,5.71999979019165,6.300000190734863,5.71999979019165,6.300000190734863,1067,0,0
2021-02-23,6.0,6.0,6.0,6.0,21,0,0
2021-02-24,6.0,6.0,6.0,6.0,1,0,0
2021-02-25,6.0,6.0,6.0,6.0,0,0,0
2021-02-26,5.75,6.0,5.699999809265137,6.0,1030,0,0
2021-03-01,6.300000190734863,6.300000190734863,6.300000190734863,6.300000190734863,697,0,0
2021-03-02,6.380000114440918,6.380000114440918,6.380000114440918,6.380000114440918,4,0,0
2021-03-03,6.380000114440918,6.599999904632568,6.070000171661377,6.070000171661377,1246,0,0
2021-03-04,5.900000095367432,5.900000095367432,5.900000095367432,5.900000095367432,46,0,0
2021-03-05,5.900000095367432,5.900000095367432,5.71999979019165,5.739999771118164,713,0,0
2021-03-08,5.739999771118164,5.739999771118164,5.739999771118164,5.739999771118164,0,0,0
2021-03-09,5.550000190734863,5.550000190734863,5.550000190734863,5.550000190734863,50,0,0
2021-03-10,5.539999961853027,5.550000190734863,5.539999961853027,5.550000190734863,844,0,0
2021-03-12,5.550000190734863,5.550000190734863,5.550000190734863,5.550000190734863,0,0,0
2021-03-15,5.550000190734863,5.820000171661377,5.300000190734863,5.309999942779541,2800,0,0
2021-03-16,5.570000171661377,5.570000171661377,5.239999771118164,5.570000171661377,3338,0,0
2021-03-17,5.409999847412109,5.460000038146973,5.409999847412109,5.460000038146973,400,0,0
2021-03-18,5.5,5.5,5.5,5.5,100,0,0
2021-03-19,5.230000019073486,5.230000019073486,5.230000019073486,5.230000019073486,341,0,0
2021-03-22,5.25,5.269999980926514,5.25,5.25,200,0,0
2021-03-23,5.130000114440918,5.139999866485596,5.119999885559082,5.139999866485596,625,0,0
2021-03-24,5.139999866485596,5.139999866485596,5.139999866485596,5.139999866485596,0,0,0
2021-03-25,5.099999904632568,5.099999904632568,4.900000095367432,4.900000095367432,500,0,0
2021-03-26,4.900000095367432,4.909999847412109,4.900000095367432,4.900000095367432,900,0,0
2021-03-30,4.900000095367432,4.909999847412109,4.900000095367432,4.900000095367432,1321,0,0
2021-03-31,4.860000133514404,4.860000133514404,4.849999904632568,4.849999904632568,329,0,0
2021-04-01,4.849999904632568,4.849999904632568,4.849999904632568,4.849999904632568,0,0,0
2021-04-05,4.849999904632568,4.849999904632568,4.849999904632568,4.849999904632568,0,0,0
2021-04-06,4.659999847412109,4.659999847412109,4.659999847412109,4.659999847412109,214,0,0
2021-04-07,4.659999847412109,4.659999847412109,4.659999847412109,4.659999847412109,0,0,0
2021-04-08,4.659999847412109,4.659999847412109,4.659999847412109,4.659999847412109,47,0,0
2021-04-09,4.610000133514404,4.610000133514404,4.610000133514404,4.610000133514404,100,0,0
2021-04-12,4.610000133514404,4.610000133514404,4.610000133514404,4.610000133514404,0,0,0
2021-04-13,4.610000133514404,4.610000133514404,4.610000133514404,4.610000133514404,0,0,0
2021-04-15,4.610000133514404,4.610000133514404,4.610000133514404,4.610000133514404,0,0,0
2021-04-16,4.610000133514404,4.610000133514404,4.610000133514404,4.610000133514404,1,0,0
2021-04-19,4.610000133514404,4.610000133514404,4.610000133514404,4.610000133514404,47,0,0
2021-04-20,4.619999885559082,4.840000152587891,4.420000076293945,4.840000152587891,864,0,0
2021-04-22,5.079999923706055,5.079999923706055,5.079999923706055,5.079999923706055,352,0,0
2021-04-23,5.329999923706055,5.329999923706055,5.329999923706055,5.329999923706055,100,0,0
2021-04-26,5.5,5.5,5.5,5.5,643,0,0
2021-04-27,5.71999979019165,5.769999980926514,5.71999979019165,5.769999980926514,835,0,0
2021-04-28,6.0,6.050000190734863,5.53000020980835,6.050000190734863,1408,0,0
2021-04-29,6.159999847412109,6.349999904632568,5.75,6.349999904632568,875,0,0
2021-04-30,6.599999904632568,6.659999847412109,6.599999904632568,6.619999885559082,1146,0,0
2021-05-03,6.869999885559082,6.869999885559082,6.869999885559082,6.869999885559082,355,0,0
2021-05-04,7.099999904632568,7.199999809265137,7.099999904632568,7.150000095367432,340,0,0
2021-05-05,7.260000228881836,7.5,6.800000190734863,6.800000190734863,1344,0,0
2021-05-06,6.800000190734863,6.800000190734863,6.800000190734863,6.800000190734863,0,0,0
2021-05-07,6.699999809265137,6.699999809265137,6.699999809265137,6.699999809265137,200,0,0
2021-05-10,6.699999809265137,7.0,6.699999809265137,6.699999809265137,112,0,0
2021-05-11,7.0,7.03000020980835,6.53000020980835,7.03000020980835,2255,0,0
2021-05-12,7.369999885559082,7.380000114440918,6.710000038146973,7.380000114440918,1474,0,0
2021-05-14,7.480000019073486,7.480000019073486,7.019999980926514,7.46999979019165,915,0,0
2021-05-17,7.519999980926514,7.840000152587891,7.099999904632568,7.840000152587891,1278,0,0
2021-05-18,8.229999542236328,8.229999542236328,8.229999542236328,8.229999542236328,925,0,0
2021-05-19,8.640000343322754,8.640000343322754,8.640000343322754,8.640000343322754,501,0,0
2021-05-20,9.069999694824219,9.069999694824219,9.069999694824219,9.069999694824219,210,0,0
2021-05-21,9.520000457763672,9.520000457763672,9.520000457763672,9.520000457763672,70,0,0
2021-05-24,9.989999771118164,9.989999771118164,9.989999771118164,9.989999771118164,310,0,0
2021-05-25,10.479999542236328,10.479999542236328,10.449999809265137,10.479999542236328,1004,0,0
2021-05-26,10.479999542236328,10.989999771118164,10.479999542236328,10.989999771118164,5856,0,0
2021-05-27,11.529999732971191,11.529999732971191,11.529999732971191,11.529999732971191,6568,0,0
2021-05-28,12.100000381469727,12.100000381469727,12.09000015258789,12.100000381469727,13382,0,0
2021-05-31,12.34000015258789,12.34000015258789,11.859999656677246,11.880000114440918,4814,0,0
2021-06-01,12.109999656677246,12.109999656677246,11.850000381469727,11.850000381469727,2031,0,0
2021-06-02,11.850000381469727,11.850000381469727,11.619999885559082,11.619999885559082,5122,0,0
2021-06-03,11.399999618530273,11.399999618530273,11.390000343322754,11.399999618530273,1389,0,0
2021-06-04,11.180000305175781,11.180000305175781,11.180000305175781,11.180000305175781,649,0,0
2021-06-07,11.399999618530273,11.399999618530273,10.960000038146973,11.0,13445,0,0
2021-06-08,11.220000267028809,11.220000267028809,11.0,11.220000267028809,39530,0,0
2021-06-09,11.25,11.4399995803833,11.25,11.4399995803833,4223,0,0
2021-06-10,11.5,11.65999984741211,11.5,11.65999984741211,2781,0,0
2021-06-11,11.890000343322754,11.890000343322754,11.890000343322754,11.890000343322754,1374,0,0
2021-06-14,12.119999885559082,12.119999885559082,12.119999885559082,12.119999885559082,2661,0,0
2021-06-15,12.359999656677246,12.359999656677246,11.880000114440918,12.350000381469727,4889,0,0
2021-06-16,12.59000015258789,12.59000015258789,12.130000114440918,12.59000015258789,4112,0,0
2021-06-17,12.84000015258789,12.84000015258789,12.350000381469727,12.350000381469727,3252,0,0
2021-06-18,12.109999656677246,12.59000015258789,12.109999656677246,12.5,3028,0,0
2021-06-21,12.75,12.75,12.75,12.75,1408,0,0
2021-06-22,13.0,13.0,13.0,13.0,385,0,0
2021-06-23,13.260000228881836,13.260000228881836,13.260000228881836,13.260000228881836,442,0,0
2021-06-24,13.520000457763672,13.520000457763672,13.520000457763672,13.520000457763672,1062,0,0
2021-06-25,13.789999961853027,13.789999961853027,13.789999961853027,13.789999961853027,731,0,0
2021-06-28,14.0600004196167,14.0600004196167,14.0600004196167,14.0600004196167,481,0,0
2021-06-29,14.34000015258789,14.34000015258789,14.34000015258789,14.34000015258789,812,0,0
2021-06-30,14.619999885559082,14.619999885559082,14.619999885559082,14.619999885559082,680,0,0
2021-07-01,14.90999984741211,14.90999984741211,14.90999984741211,14.90999984741211,2663,0,0
2021-07-02,15.199999809265137,15.199999809265137,15.199999809265137,15.199999809265137,6310,0,0
2021-07-05,15.960000038146973,15.960000038146973,15.960000038146973,15.960000038146973,1500,0,0
2021-07-06,16.75,16.75,16.299999237060547,16.75,4821,0,0
2021-07-07,17.100000381469727,17.579999923706055,17.100000381469727,17.579999923706055,756,0,0
2021-07-08,9.850199699401855,10.096454620361328,9.850199699401855,10.096454620361328,3071,0,0
2021-07-09,10.315347671508789,10.599909782409668,9.593000411987305,10.271570205688477,2549,0,0
2021-07-12,10.140233993530273,10.780496597290039,9.762642860412598,10.780496597290039,12497,0,0
2021-07-13,10.9993896484375,11.316784858703613,10.244208335876465,11.316784858703613,17497,0,0
2021-07-14,11.880435943603516,11.880435943603516,10.764080047607422,11.880435943603516,23426,0,0
2021-07-15,12.471447944641113,12.471447944641113,11.885908126831055,12.329167366027832,17396,0,0
2021-07-16,12.936595916748047,12.942068099975586,11.716265678405762,12.942068099975586,35557,0,0
2021-07-19,13.576859474182129,13.587803840637207,13.576859474182129,13.587803840637207,65145,0,0
2021-07-20,14.266372680664062,14.266372680664062,13.691778182983398,14.266372680664062,164675,0,0
2021-07-22,14.960000038146973,14.960000038146973,14.960000038146973,14.960000038146973,3203,0,0
2021-07-23,15.699999809265137,15.699999809265137,15.699999809265137,15.699999809265137,1785,0,0
2021-07-26,16.479999542236328,16.479999542236328,16.0,16.450000762939453,55974,0,0
2021-07-27,17.25,17.270000457763672,16.799999237060547,17.270000457763672,24138,0,0
2021-07-28,18.1299991607666,18.1299991607666,16.40999984741211,17.639999389648438,26731,0,0
2021-07-29,17.639999389648438,18.520000457763672,16.760000228881836,18.06999969482422,8921,0,0
2021-07-30,18.969999313354492,18.969999313354492,17.170000076293945,18.600000381469727,6023,0,0
2021-08-02,18.600000381469727,19.850000381469727,18.0,19.700000762939453,9262,0,0
2021-08-03,20.0,20.0,18.75,18.75,6895,0,0
2021-08-04,18.0,18.0,17.850000381469727,17.850000381469727,1479,0,0
2021-08-05,17.0,17.0,17.0,17.0,2263,0,0
2021-08-06,16.149999618530273,16.149999618530273,16.149999618530273,16.149999618530273,1240,0,0
2021-08-09,15.350000381469727,15.350000381469727,15.350000381469727,15.350000381469727,917,0,0
2021-08-10,14.600000381469727,14.600000381469727,14.600000381469727,14.600000381469727,512,0,0
2021-08-11,13.899999618530273,13.899999618530273,13.899999618530273,13.899999618530273,350,0,0
2021-08-12,13.25,14.550000190734863,13.25,14.550000190734863,5674,0,0
2021-08-13,14.550000190734863,15.25,13.850000381469727,13.850000381469727,8219,0,0
2021-08-16,13.25,13.25,13.199999809265137,13.199999809265137,3937,0,0
2021-08-17,12.550000190734863,13.0,12.550000190734863,12.550000190734863,7893,0,0
2021-08-18,11.949999809265137,13.149999618530273,11.949999809265137,11.949999809265137,12640,0,0
2021-08-20,11.399999618530273,12.5,11.399999618530273,12.5,4597,0,0
2021-08-23,12.5,12.649999618530273,12.100000381469727,12.100000381469727,2616,0,0
2021-08-24,12.0,12.100000381469727,12.0,12.100000381469727,909,0,0
2021-08-25,12.100000381469727,12.699999809265137,12.100000381469727,12.699999809265137,53,0,0
2021-08-26,13.300000190734863,13.300000190734863,12.149999618530273,12.149999618530273,984,0,0
2021-08-27,12.399999618530273,12.75,11.550000190734863,12.550000190734863,4162,0,0
2021-08-30,12.550000190734863,13.149999618530273,11.949999809265137,13.149999618530273,4779,0,0
2021-08-31,12.550000190734863,13.75,12.5,13.5,3884,0,0
2021-09-01,13.399999618530273,14.170000076293945,12.850000381469727,13.430000305175781,3208,0,0
2021-09-02,13.149999618530273,14.100000381469727,13.149999618530273,14.09000015258789,5213,0,0
2021-09-03,14.09000015258789,14.6899995803833,14.079999923706055,14.6899995803833,8202,0,0
2021-09-06,14.0,15.399999618530273,14.0,15.300000190734863,1394,0,0
2021-09-07,16.049999237060547,16.049999237060547,14.539999961853027,14.579999923706055,1712,0,0
2021-09-08,15.300000190734863,15.300000190734863,13.869999885559082,13.930000305175781,2103,0,0
2021-09-09,14.069999694824219,14.5,13.239999771118164,14.5,2807,0,0
2021-09-13,14.800000190734863,15.199999809265137,13.779999732971191,14.220000267028809,1575,0,0
2021-09-14,13.550000190734863,14.899999618530273,13.550000190734863,14.579999923706055,2199,0,0
2021-09-15,14.899999618530273,14.899999618530273,13.859999656677246,14.819999694824219,2629,0,0
2021-09-16,15.539999961853027,15.539999961853027,14.079999923706055,14.979999542236328,7750,0,0
2021-09-17,14.979999542236328,14.979999542236328,14.239999771118164,14.239999771118164,1601,0,0
2021-09-20,13.529999732971191,14.949999809265137,13.529999732971191,14.869999885559082,12370,0,0
2021-09-21,15.449999809265137,15.609999656677246,14.149999618530273,15.609999656677246,24003,0,0
2021-09-22,16.389999389648438,16.389999389648438,15.0,16.389999389648438,18561,0,0
2021-09-23,16.75,17.200000762939453,16.389999389648438,17.149999618530273,27571,0,0
2021-09-24,18.0,18.0,16.299999237060547,17.34000015258789,27417,0,0
2021-09-27,17.950000762939453,18.190000534057617,16.479999542236328,16.489999771118164,23182,0,0
2021-09-28,16.5,17.299999237060547,15.670000076293945,15.670000076293945,20671,0,0
2021-09-29,14.890000343322754,16.450000762939453,14.890000343322754,15.3100004196167,18308,0,0
2021-09-30,14.550000190734863,15.5,14.550000190734863,15.300000190734863,7486,0,0
2021-10-01,16.0,16.0,14.550000190734863,14.550000190734863,12145,0,0
2021-10-04,13.850000381469727,14.800000190734863,13.850000381469727,13.850000381469727,6343,0,0
2021-10-05,14.0,14.5,13.5,14.25,7151,0,0
2021-10-06,14.0,14.949999809265137,13.550000190734863,13.800000190734863,13390,0,0
2021-10-07,14.0,14.399999618530273,13.600000381469727,13.949999809265137,24618,0,0
2021-10-08,14.350000381469727,14.600000381469727,13.300000190734863,13.850000381469727,41988,0,0
2021-10-11,13.899999618530273,14.449999809265137,13.199999809265137,13.600000381469727,25505,0,0
2021-10-12,13.600000381469727,14.25,12.949999809265137,13.899999618530273,16192,0,0
2021-10-13,14.100000381469727,14.5,13.300000190734863,14.0,16117,0,0
2021-10-14,14.550000190734863,14.699999809265137,13.350000381469727,14.550000190734863,40857,0,0
2021-10-18,14.699999809265137,15.149999618530273,13.949999809265137,14.800000190734863,19855,0,0
2021-10-19,15.0,15.5,14.100000381469727,15.5,17997,0,0
2021-10-20,15.850000381469727,16.25,14.75,16.25,16181,0,0
2021-10-21,16.600000381469727,17.0,15.5,16.75,11563,0,0
2021-10-22,17.399999618530273,17.399999618530273,15.949999809265137,15.949999809265137,5855,0,0
2021-10-25,16.450000762939453,16.450000762939453,15.199999809265137,15.199999809265137,6286,0,0
2021-10-26,15.800000190734863,15.949999809265137,15.0,15.949999809265137,12433,0,0
2021-10-27,16.700000762939453,16.700000762939453,15.199999809265137,16.700000762939453,7953,0,0
2021-10-28,16.399999618530273,17.049999237060547,15.899999618530273,16.700000762939453,4273,0,0
2021-10-29,16.75,17.5,15.899999618530273,16.0,10853,0,0
2021-11-01,15.899999618530273,16.799999237060547,15.199999809265137,16.049999237060547,9254,0,0
2021-11-02,15.850000381469727,16.75,15.25,15.25,20432,0,0
2021-11-03,14.5,15.949999809265137,14.5,14.600000381469727,12563,0,0
2021-11-04,13.899999618530273,13.899999618530273,13.899999618530273,13.899999618530273,26754,0,0
2021-11-08,13.25,13.25,13.25,13.25,12183,0,0
2021-11-09,12.600000381469727,12.600000381469727,12.600000381469727,12.600000381469727,20694,0,0
2021-11-10,12.0,12.0,12.0,12.0,12647,0,0
2021-11-11,11.399999618530273,11.399999618530273,11.399999618530273,11.399999618530273,14041,0,0
2021-11-12,10.850000381469727,10.850000381469727,10.850000381469727,10.850000381469727,20299,0,0
2021-11-15,10.350000381469727,10.350000381469727,10.350000381469727,10.350000381469727,15610,0,0
2021-11-16,9.850000381469727,9.850000381469727,9.850000381469727,9.850000381469727,17603,0,0
2021-11-17,9.399999618530273,9.399999618530273,9.399999618530273,9.399999618530273,14454,0,0
2021-11-18,8.949999809265137,9.800000190734863,8.949999809265137,8.949999809265137,257737,0,0
2021-11-22,8.550000190734863,9.350000381469727,8.550000190734863,8.550000190734863,198878,0,0
2021-11-23,8.75,8.949999809265137,8.149999618530273,8.949999809265137,119834,0,0
2021-11-24,9.350000381469727,9.350000381469727,9.350000381469727,9.350000381469727,15509,0,0
2021-11-25,9.800000190734863,9.800000190734863,9.600000381469727,9.800000190734863,46757,0,0
2021-11-26,10.149999618530273,10.149999618530273,9.350000381469727,9.600000381469727,65041,0,0
2021-11-29,9.5,10.050000190734863,9.149999618530273,9.649999618530273,29727,0,0
2021-11-30,9.949999809265137,10.100000381469727,9.300000190734863,9.5,52187,0,0
2021-12-01,9.5,9.800000190734863,9.029999732971191,9.5,54218,0,0
2021-12-02,9.050000190734863,9.680000305175781,9.029999732971191,9.3100004196167,29138,0,0
2021-12-03,9.5,9.75,8.899999618530273,9.489999771118164,87653,0,0
2021-12-06,9.9399995803833,9.9399995803833,9.0600004196167,9.5,10676,0,0
2021-12-07,9.699999809265137,9.699999809265137,9.149999618530273,9.350000381469727,21380,0,0
2021-12-08,9.199999809265137,9.550000190734863,9.199999809265137,9.5,3254,0,0
2021-12-09,9.649999618530273,9.649999618530273,9.25,9.390000343322754,28282,0,0
2021-12-10,9.649999618530273,9.649999618530273,9.119999885559082,9.359999656677246,16163,0,0
2021-12-13,9.600000381469727,9.600000381469727,9.119999885559082,9.380000114440918,5295,0,0
2021-12-14,9.600000381469727,9.600000381469727,9.140000343322754,9.470000267028809,9601,0,0
2021-12-15,9.470000267028809,9.5,9.0,9.289999961853027,35663,0,0
2021-12-16,9.449999809265137,9.539999961853027,9.010000228881836,9.079999923706055,18790,0,0
2021-12-17,9.300000190734863,9.300000190734863,8.829999923706055,8.970000267028809,9272,0,0
2021-12-20,9.399999618530273,9.399999618530273,8.550000190734863,8.680000305175781,9446,0,0
2021-12-21,9.109999656677246,9.109999656677246,8.720000267028809,8.819999694824219,44419,0,0
2021-12-22,9.0,9.1899995803833,8.600000381469727,8.649999618530273,22535,0,0
2021-12-23,8.649999618530273,8.649999618530273,8.220000267028809,8.640000343322754,5584,0,0
2021-12-24,8.850000381469727,8.989999771118164,8.210000038146973,8.210000038146973,31925,0,0
2021-12-27,8.050000190734863,8.619999885559082,8.0,8.59000015258789,38978,0,0
2021-12-28,8.789999961853027,8.789999961853027,8.300000190734863,8.720000267028809,19971,0,0
2021-12-29,8.899999618530273,8.899999618530273,8.289999961853027,8.8100004196167,38450,0,0
2021-12-30,8.420000076293945,9.0,8.420000076293945,8.989999771118164,13682,0,0
2021-12-31,9.199999809265137,9.430000305175781,8.550000190734863,9.430000305175781,71957,0,0
2022-01-03,9.899999618530273,9.899999618530273,9.15999984741211,9.619999885559082,34395,0,0
2022-01-04,10.100000381469727,10.100000381469727,9.149999618530273,9.329999923706055,18839,0,0
2022-01-05,9.300000190734863,9.739999771118164,9.010000228881836,9.510000228881836,25624,0,0
2022-01-06,9.350000381469727,9.899999618530273,9.149999618530273,9.619999885559082,36482,0,0
2022-01-07,9.619999885559082,9.619999885559082,9.140000343322754,9.140000343322754,79680,0,0
2022-01-10,8.960000038146973,9.5,8.6899995803833,8.6899995803833,57240,0,0
2022-01-11,9.0,9.0,8.5600004196167,8.970000267028809,49009,0,0
2022-01-12,9.199999809265137,9.390000343322754,8.600000381469727,8.859999656677246,16191,0,0
2022-01-13,9.199999809265137,9.199999809265137,8.600000381469727,9.079999923706055,18985,0,0
2022-01-14,9.300000190734863,9.300000190734863,8.65999984741211,9.170000076293945,32160,0,0
2022-01-17,9.270000457763672,9.300000190734863,9.050000190734863,9.140000343322754,65087,0,0
2022-01-18,9.3100004196167,9.5,9.0600004196167,9.239999771118164,15273,0,0
2022-01-19,9.279999732971191,9.279999732971191,9.0,9.109999656677246,44434,0,0
2022-01-20,9.300000190734863,9.300000190734863,8.850000381469727,9.010000228881836,55332,0,0
2022-01-21,9.199999809265137,9.369999885559082,8.569999694824219,9.199999809265137,54281,0,0
2022-01-24,9.369999885559082,9.369999885559082,8.739999771118164,9.170000076293945,27598,0,0
2022-01-25,8.75,9.239999771118164,8.75,9.1899995803833,31745,0,0
2022-01-27,9.1899995803833,9.619999885559082,8.899999618530273,9.220000267028809,52193,0,0
2022-01-28,9.010000228881836,9.5,9.010000228881836,9.390000343322754,34362,0,0
2022-01-31,9.020000457763672,9.850000381469727,8.930000305175781,9.819999694824219,67337,0,0
2022-02-01,10.25,10.25,9.329999923706055,9.949999809265137,34107,0,0
2022-02-02,10.3100004196167,10.399999618530273,9.949999809265137,10.390000343322754,96945,0,0
2022-02-03,10.5,10.899999618530273,10.0,10.399999618530273,148662,0,0
2022-02-04,10.649999618530273,10.920000076293945,10.0,10.600000381469727,28686,0,0
2022-02-07,10.850000381469727,10.850000381469727,10.069999694824219,10.34000015258789,30523,0,0
2022-02-08,10.550000190734863,10.550000190734863,9.829999923706055,10.100000381469727,42565,0,0
2022-02-09,10.600000381469727,10.600000381469727,10.010000228881836,10.380000114440918,56338,0,0
2022-02-10,10.100000381469727,10.890000343322754,10.100000381469727,10.270000457763672,35650,0,0
2022-02-11,10.100000381469727,10.649999618530273,10.0,10.050000190734863,41340,0,0
2022-02-14,9.850000381469727,9.850000381469727,9.550000190734863,9.600000381469727,9642,0,0
2022-02-15,9.119999885559082,9.600000381469727,9.119999885559082,9.550000190734863,19151,0,0
2022-02-16,10.020000457763672,10.020000457763672,9.109999656677246,9.760000228881836,7335,0,0
2022-02-17,9.289999961853027,10.0,9.289999961853027,9.579999923706055,26396,0,0
2022-02-18,9.399999618530273,10.050000190734863,9.3100004196167,9.880000114440918,36827,0,0
2022-02-21,10.0,10.199999809265137,9.5600004196167,9.680000305175781,30189,0,0
2022-02-22,9.210000038146973,9.739999771118164,9.199999809265137,9.399999618530273,5432,0,0
2022-02-23,9.84000015258789,9.869999885559082,9.399999618530273,9.869999885559082,65650,0,0
2022-02-24,9.420000076293945,9.800000190734863,9.380000114440918,9.380000114440918,32873,0,0
2022-02-25,8.9399995803833,9.84000015258789,8.9399995803833,9.84000015258789,52615,0,0
2022-02-28,10.050000190734863,10.229999542236328,9.390000343322754,10.130000114440918,38581,0,0
2022-03-02,10.300000190734863,10.300000190734863,9.84000015258789,9.989999771118164,14597,0,0
2022-03-03,10.180000305175781,10.40999984741211,9.510000228881836,10.199999809265137,55083,0,0
2022-03-04,10.25,10.25,9.729999542236328,10.15999984741211,18674,0,0
2022-03-07,10.0,10.199999809265137,9.65999984741211,10.149999618530273,36941,0,0
2022-03-08,10.0,10.260000228881836,9.65999984741211,9.890000343322754,6302,0,0
2022-03-09,10.25,10.279999732971191,10.0,10.210000038146973,31187,0,0
2022-03-10,10.369999885559082,10.369999885559082,9.699999809265137,10.09000015258789,22084,0,0
2022-03-11,9.84000015258789,10.369999885559082,9.84000015258789,10.229999542236328,18011,0,0
2022-03-14,10.369999885559082,10.369999885559082,10.0,10.210000038146973,25461,0,0
2022-03-15,10.350000381469727,10.350000381469727,10.0,10.199999809265137,2677,0,0
2022-03-16,10.199999809265137,10.369999885559082,10.0,10.270000457763672,23778,0,0
2022-03-17,10.649999618530273,10.649999618530273,9.760000228881836,9.829999923706055,21802,0,0
2022-03-21,9.350000381469727,10.100000381469727,9.34000015258789,9.899999618530273,10142,0,0
2022-03-22,9.899999618530273,9.899999618530273,9.40999984741211,9.40999984741211,8773,0,0
2022-03-23,9.789999961853027,9.880000114440918,9.420000076293945,9.470000267028809,21831,0,0
2022-03-24,9.880000114440918,9.880000114440918,9.130000114440918,9.239999771118164,5975,0,0
2022-03-25,9.5,9.59000015258789,8.800000190734863,9.390000343322754,35503,0,0
2022-03-28,9.850000381469727,9.850000381469727,8.949999809265137,9.84000015258789,138902,0,0
2022-03-29,9.829999923706055,10.300000190734863,9.520000457763672,10.09000015258789,38997,0,0
2022-03-30,9.649999618530273,10.579999923706055,9.649999618530273,10.279999732971191,46595,0,0
2022-03-31,10.739999771118164,10.739999771118164,10.0,10.149999618530273,29771,0,0
2022-04-01,10.649999618530273,10.649999618530273,9.979999542236328,10.140000343322754,11427,0,0
2022-04-04,9.649999618530273,10.5,9.649999618530273,10.460000038146973,14410,0,0
2022-04-05,10.699999809265137,10.699999809265137,9.979999542236328,10.510000228881836,57789,0,0
2022-04-06,10.699999809265137,10.75,10.010000228881836,10.520000457763672,80075,0,0
2022-04-07,10.800000190734863,10.989999771118164,10.119999885559082,10.539999961853027,13451,0,0
2022-04-08,10.640000343322754,10.640000343322754,9.75,10.399999618530273,8381,0,0
2022-04-11,10.199999809265137,10.640000343322754,10.0,10.420000076293945,28349,0,0
2022-04-12,10.25,10.699999809265137,9.670000076293945,9.859999656677246,7270,0,0
2022-04-13,10.789999961853027,10.789999961853027,9.720000267028809,10.489999771118164,7780,0,0
2022-04-18,10.899999618530273,10.899999618530273,9.670000076293945,10.609999656677246,12849,0,0
2022-04-19,10.699999809265137,10.890000343322754,10.430000305175781,10.5600004196167,18733,0,0
2022-04-20,10.59000015258789,11.25,9.880000114440918,10.819999694824219,64608,0,0
2022-04-21,11.489999771118164,11.649999618530273,10.510000228881836,11.569999694824219,104284,0,0
2022-04-22,11.699999809265137,11.699999809265137,11.149999618530273,11.34000015258789,14557,0,0
2022-04-25,11.25,11.25,10.239999771118164,11.09000015258789,3429,0,0
2022-04-26,11.5,11.75,11.010000228881836,11.649999618530273,36120,0,0
2022-04-27,11.800000190734863,12.8100004196167,10.5,12.380000114440918,152300,0,0
2022-04-28,13.279999732971191,13.279999732971191,11.399999618530273,12.40999984741211,17597,0,0
2022-04-29,12.899999618530273,13.180000305175781,11.210000038146973,12.550000190734863,77897,0,0
2022-05-02,12.920000076293945,13.100000381469727,11.8100004196167,12.720000267028809,19279,0,0
2022-05-04,12.9399995803833,12.9399995803833,11.449999809265137,11.449999809265137,136748,0,0
2022-05-05,11.390000343322754,11.989999771118164,10.3100004196167,11.869999885559082,98275,0,0
2022-05-06,11.100000381469727,11.989999771118164,10.800000190734863,11.09000015258789,30348,0,0
2022-05-09,11.699999809265137,11.949999809265137,10.109999656677246,11.329999923706055,32061,0,0
2022-05-10,11.9399995803833,11.9399995803833,10.8100004196167,11.140000343322754,7068,0,0
2022-05-11,11.5,11.84000015258789,10.029999732971191,10.109999656677246,21589,0,0
2022-05-12,10.699999809265137,10.699999809265137,9.649999618530273,10.460000038146973,24436,0,0
2022-05-13,10.460000038146973,11.430000305175781,9.899999618530273,10.5,2037,0,0
2022-05-16,11.5,11.5,10.510000228881836,11.430000305175781,24526,0,0
2022-05-17,11.449999809265137,11.449999809265137,10.510000228881836,11.130000114440918,13314,0,0
2022-05-18,11.399999618530273,11.550000190734863,10.539999961853027,10.789999961853027,28176,0,0
2022-05-19,9.720000267028809,11.3100004196167,9.720000267028809,10.5,35704,0,0
2022-05-20,10.300000190734863,11.430000305175781,9.84000015258789,10.510000228881836,5286,0,0
2022-05-23,11.350000381469727,11.350000381469727,10.800000190734863,11.1899995803833,28513,0,0
2022-05-24,11.800000190734863,11.800000190734863,10.699999809265137,11.0,30616,0,0
2022-05-25,11.329999923706055,11.329999923706055,10.020000457763672,10.850000381469727,14379,0,0
2022-05-26,11.199999809265137,11.25,10.210000038146973,11.199999809265137,17020,0,0
2022-05-27,10.510000228881836,11.5,10.5,10.90999984741211,23523,0,0
2022-05-30,11.489999771118164,11.600000381469727,10.90999984741211,11.390000343322754,28605,0,0
2022-05-31,11.880000114440918,11.880000114440918,10.5600004196167,11.020000457763672,2578,0,0
2022-06-01,11.609999656677246,11.609999656677246,10.550000190734863,10.84000015258789,1065,0,0
2022-06-02,11.739999771118164,11.739999771118164,10.920000076293945,11.569999694824219,22799,0,0
2022-06-03,11.970000267028809,11.979999542236328,11.220000267028809,11.670000076293945,35106,0,0
2022-06-06,11.779999732971191,11.899999618530273,10.869999885559082,10.869999885559082,24183,0,0
2022-06-07,11.850000381469727,11.850000381469727,11.180000305175781,11.720000267028809,10275,0,0
2022-06-08,11.899999618530273,11.899999618530273,11.0,11.8100004196167,45837,0,0
2022-06-09,12.0,12.0,11.109999656677246,11.880000114440918,16985,0,0
2022-06-10,12.399999618530273,12.399999618530273,11.5,11.869999885559082,8577,0,0
2022-06-13,11.649999618530273,12.289999961853027,11.0,11.75,17374,0,0
